Target Table,Target Column,Layer,Mapping Type,QlikView Expression,Snowflake SQL,Ultimate Sources,Needs Review,Notes
table_1,"2017/03/28 )'; // "" The number and price of air conditioners for TLSC will be excluded from October 2015 onwards"" → Correction "" Only sales wraps are excluded"" //set My_Version = 'Ver 1.41(2017/03/23)'; // Added sales graph for all products by location //set My_Version = 'Ver 1.40(2017/01/16)'; // Support for transferring the occurrence date to a working day //set My_Version = 'Ver 1.39(2016/12/22)'; // Supports ""Sabu[1.1]"" channel and branch code //set My_Version = 'Ver 1.38(2016/11/09)'; // Set the initial display to the current month only //set My_Version = 'Ver 1.37a(2016/10/03)'; // Import the number of JOB miscellaneous machines //set My_Version = 'Ver 1.37(2017/03/17)'; // Construction property backlog/work in progress Added items ① Main contractor/subcontractor classification ② Industrial waste treatment classification //set My_Version = 'Ver 1.36(2016/09/26)'; //Exclude the number and price of air conditioners for TLSC from October 2015 onwards //set My_Version = 'Ver 1.35(2016/07/26)'; // Add content to the movement details sheet search item ""Information NO "" //set My_Version = 'Ver 1.34(2016/05/19)'; // Add search item ""Responsible"" to the movement details sheet //set My_Version = 'Ver 1.33(2016/04/15)'; // Import ""Scheduled construction start FROM(54) , Scheduled construction start TO(55) , Construction start record FROM(65) "" from property information //set My_Version = 'Ver 1.32(2016/04/13)'; // Import ""own district (automatically created class)"" from the movement details //set My_Version = 'Ver 1.31(2016/04/07)'; // Add ""day"" to the movement details sheet //set My_Version = 'Ver 1.30(2016/04/05)'; // Add function for the entire department //set My_Version = 'Ver 1.29(2016/04/04)'; // Support for budget data duplication //set My_Version = 'Ver 1.28(2016/03/28)'; // ☆ Limited release of construction engineer name duplicate check function (Onishi, Asami, Kaji, Nakagawa only) //set My_Version = 'Ver 1.27(2016/03/18)'; // ☆ Import from construction property as information by name of construction engineer whose cost is 25 million yen or more //set My_Version = 'Ver 1.26(2016/03/08)'; // Import the ""construction engineer name"" from the construction property //set My_Version = 'Ver 1.25(2016/02/16)'; // Import ""Purchase Order NO. "" from the transfer details //set My_Version = 'Ver 1.24(2016/02/08)'; // Try reading LDAP //set My_Version = 'Ver 1.23(2016/01/15)'; // Add LP to ACT_LOAD . //set My_Version = 'Ver 1.22(2015/12/18)'; // Exclude construction property cancellation flag = 1 //set My_Version = 'Ver 1.21(2015/12/17)'; // Respond to construction property backlog/work in process (obtain shipping date and property information registration date from movement details) //set My_Version = 'Ver 1.20(2015/11/19)'; // Compatible with backlog and work-in-progress of construction items //set My_Version = 'Ver 1.10(2015/10/20)'; // Import construction property //set My_Version = 'Ver 1.01(2015/05/01)'; // Support common folder reference //set My_Version = 'Ver 1.00(2014/03/01)'; // Demo presentation version // common definition set DEBUG = 1; let varC_StarStr = Repeat( '*' , 80 ); LET varD_Today = Today(); // Today's set set My_DB_User =DWHA",intermediate,derived,"2017/03/28 )'; // "" The number and price of air conditioners for TLSC will be excluded from October 2015 onwards"" → Correction "" Only sales wraps are excluded"" //set My_Version = 'Ver 1.41(2017/03/23)'; // Added sales graph for all products by location //set My_Version = 'Ver 1.40(2017/01/16)'; // Support for transferring the occurrence date to a working day //set My_Version = 'Ver 1.39(2016/12/22)'; // Supports ""Sabu[1.1]"" channel and branch code //set My_Version = 'Ver 1.38(2016/11/09)'; // Set the initial display to the current month only //set My_Version = 'Ver 1.37a(2016/10/03)'; // Import the number of JOB miscellaneous machines //set My_Version = 'Ver 1.37(2017/03/17)'; // Construction property backlog/work in progress Added items ① Main contractor/subcontractor classification ② Industrial waste treatment classification //set My_Version = 'Ver 1.36(2016/09/26)'; //Exclude the number and price of air conditioners for TLSC from October 2015 onwards //set My_Version = 'Ver 1.35(2016/07/26)'; // Add content to the movement details sheet search item ""Information NO "" //set My_Version = 'Ver 1.34(2016/05/19)'; // Add search item ""Responsible"" to the movement details sheet //set My_Version = 'Ver 1.33(2016/04/15)'; // Import ""Scheduled construction start FROM(54) , Scheduled construction start TO(55) , Construction start record FROM(65) "" from property information //set My_Version = 'Ver 1.32(2016/04/13)'; // Import ""own district (automatically created class)"" from the movement details //set My_Version = 'Ver 1.31(2016/04/07)'; // Add ""day"" to the movement details sheet //set My_Version = 'Ver 1.30(2016/04/05)'; // Add function for the entire department //set My_Version = 'Ver 1.29(2016/04/04)'; // Support for budget data duplication //set My_Version = 'Ver 1.28(2016/03/28)'; // ☆ Limited release of construction engineer name duplicate check function (Onishi, Asami, Kaji, Nakagawa only) //set My_Version = 'Ver 1.27(2016/03/18)'; // ☆ Import from construction property as information by name of construction engineer whose cost is 25 million yen or more //set My_Version = 'Ver 1.26(2016/03/08)'; // Import the ""construction engineer name"" from the construction property //set My_Version = 'Ver 1.25(2016/02/16)'; // Import ""Purchase Order NO. "" from the transfer details //set My_Version = 'Ver 1.24(2016/02/08)'; // Try reading LDAP //set My_Version = 'Ver 1.23(2016/01/15)'; // Add LP to ACT_LOAD . //set My_Version = 'Ver 1.22(2015/12/18)'; // Exclude construction property cancellation flag = 1 //set My_Version = 'Ver 1.21(2015/12/17)'; // Respond to construction property backlog/work in process (obtain shipping date and property information registration date from movement details) //set My_Version = 'Ver 1.20(2015/11/19)'; // Compatible with backlog and work-in-progress of construction items //set My_Version = 'Ver 1.10(2015/10/20)'; // Import construction property //set My_Version = 'Ver 1.01(2015/05/01)'; // Support common folder reference //set My_Version = 'Ver 1.00(2014/03/01)'; // Demo presentation version // common definition set DEBUG = 1; let varC_StarStr = Repeat( '*' , 80 ); LET varD_Today = Today(); // Today's set set My_DB_User =DWHA","2017/03/28 )'; // "" The number and price of air conditioners for TLSC will be excluded from October 2015 onwards"" → Correction "" Only sales wraps are excluded"" //set My_Version = 'Ver 1.41(2017/03/23)'; // Added sales graph for all products by location //set My_Version = 'Ver 1.40(2017/01/16)'; // Support for transferring the occurrence date to a working day //set My_Version = 'Ver 1.39(2016/12/22)'; // Supports ""Sabu""1.1"""" channel and branch code //set My_Version = 'Ver 1.38(2016/11/09)'; // Set the initial display to the current month only //set My_Version = 'Ver 1.37/* TODO review */ a(2016/10/03)'; // Import the number of JOB miscellaneous machines //set My_Version = 'Ver 1.37(2017/03/17)'; // Construction property backlog/work in progress Added items ① Main contractor/subcontractor classification ② Industrial waste treatment classification //set My_Version = 'Ver 1.36(2016/09/26)'; //Exclude the number and price of air conditioners for TLSC from October 2015 onwards //set My_Version = 'Ver 1.35(2016/07/26)'; // Add content to the movement details sheet search item ""Information NO "" //set My_Version = 'Ver 1.34(2016/05/19)'; // Add search item ""Responsible"" to the movement details sheet //set My_Version = 'Ver 1.33(2016/04/15)'; // Import ""Scheduled construction start /* TODO review */ FROM(54) , Scheduled construction start /* TODO review */ TO(55) , Construction start record /* TODO review */ FROM(65) "" from property information //set My_Version = 'Ver 1.32(2016/04/13)'; // Import ""own /* TODO review */ district(automatically created class)"" from the movement details //set My_Version = 'Ver 1.31(2016/04/07)'; // Add ""day"" to the movement details sheet //set My_Version = 'Ver 1.30(2016/04/05)'; // Add function for the entire department //set My_Version = 'Ver 1.29(2016/04/04)'; // Support for budget data duplication //set My_Version = 'Ver 1.28(2016/03/28)'; // ☆ Limited release of construction engineer name duplicate check /* TODO review */ function(Onishi, Asami, Kaji, Nakagawa only) //set My_Version = 'Ver 1.27(2016/03/18)'; // ☆ Import from construction property as information by name of construction engineer whose cost is 25 million yen or more //set My_Version = 'Ver 1.26(2016/03/08)'; // Import the ""construction engineer name"" from the construction property //set My_Version = 'Ver 1.25(2016/02/16)'; // Import ""Purchase Order NO. "" from the transfer details //set My_Version = 'Ver 1.24(2016/02/08)'; // Try reading LDAP //set My_Version = 'Ver 1.23(2016/01/15)'; // Add LP to ACT_LOAD . //set My_Version = 'Ver 1.22(2015/12/18)'; // Exclude construction property cancellation flag = 1 //set My_Version = 'Ver 1.21(2015/12/17)'; // Respond to construction property backlog/work in /* TODO review */ process(obtain shipping date and property information registration date from movement details) //set My_Version = 'Ver 1.20(2015/11/19)'; // Compatible with backlog and work-in-progress of construction items //set My_Version = 'Ver 1.10(2015/10/20)'; // Import construction property //set My_Version = 'Ver 1.01(2015/05/01)'; // Support common folder reference //set My_Version = 'Ver 1.00(2014/03/01)'; // Demo presentation version // common definition set DEBUG = 1; let varC_StarStr = REPEAT('*', 80); LET varD_Today = CURRENT_DATE; // Today's set set My_DB_User =DWHA",-,Yes,Function 'a()' not in mapping - emitted verbatim; verify Snowflake compatibility.; Function 'FROM()' not in mapping - emitted verbatim; verify Snowflake compatibility.; Function 'TO()' not in mapping - emitted verbatim; verify Snowflake compatibility.; Function 'FROM()' not in mapping - emitted verbatim; verify Snowflake compatibility.; Function 'district()' not in mapping - emitted verbatim; verify Snowflake compatibility.; Function 'function()' not in mapping - emitted verbatim; verify Snowflake compatibility.; Function 'process()' not in mapping - emitted verbatim; verify Snowflake compatibility.
table_2,*,staging,constant,*,*,-,,
table_3,*,staging,constant,*,*,-,,
table_4,*,staging,constant,*,*,-,,
MASTER_FD2,Distinct FD major classification name as Product classification name,staging,derived,Distinct FD major classification name as Product classification name,Distinct FD major classification name as Product classification name,"unknown_source.FD, unknown_source.major, unknown_source.classification, unknown_source.name, unknown_source.Product",,
MASTER_FD2,category name as Product classification name,staging,derived,category name as Product classification name,category name as Product classification name,"unknown_source.category, unknown_source.name, unknown_source.Product, unknown_source.classification",,
MASTER_FD2,management,staging,derived,Management product classification,Management product classification,"unknown_source.Management, unknown_source.product, unknown_source.classification",,
MASTER_Classification_FD,FD,staging,derived,Product classification,Product classification,"unknown_source.Product, unknown_source.classification",,
MASTER_Classification_FD,BU,staging,derived,[ Sales Department (BU)],"""Sales /* TODO review */ Department(BU)""",unknown_source.Sales  ( BU),Yes,Function 'Department()' not in mapping - emitted verbatim; verify Snowflake compatibility.
MASTER_Classification_FD,Sales department (BU) name ] as BU name,staging,derived,[ Sales department (BU) name ] as BU name,"""Sales /* TODO review */ department(BU) name"" as BU name","unknown_source.Sales  ( BU) name, unknown_source.BU, unknown_source.name",Yes,Function 'department()' not in mapping - emitted verbatim; verify Snowflake compatibility.
MASTER_Classification_FD,Product group ( purchase GP)] as purchase GP,staging,derived,[ Product group ( purchase GP)] as purchase GP,"""Product /* TODO review */ group(purchase GP)"" as purchase GP","unknown_source.Product  (  purchase GP), unknown_source.purchase, unknown_source.GP",Yes,Function 'group()' not in mapping - emitted verbatim; verify Snowflake compatibility.
MASTER_Classification_FD,Product group ( purchase GP) name ] as purchase GP name,staging,derived,[ Product group ( purchase GP) name ] as purchase GP name,"""Product /* TODO review */ group(purchase GP) name"" as purchase GP name","unknown_source.Product  (  purchase GP) name, unknown_source.purchase, unknown_source.GP, unknown_source.name",Yes,Function 'group()' not in mapping - emitted verbatim; verify Snowflake compatibility.
table_7,management,staging,derived,Product classification,Product classification,"unknown_source.Product, unknown_source.classification",,
table_7,BU,staging,derived,[ Sales Department (BU)],"""Sales /* TODO review */ Department(BU)""",unknown_source.Sales  ( BU),Yes,Function 'Department()' not in mapping - emitted verbatim; verify Snowflake compatibility.
table_7,Sales department (BU) name ] as BU name,staging,derived,[ Sales department (BU) name ] as BU name,"""Sales /* TODO review */ department(BU) name"" as BU name","unknown_source.Sales  ( BU) name, unknown_source.BU, unknown_source.name",Yes,Function 'department()' not in mapping - emitted verbatim; verify Snowflake compatibility.
table_7,Product group ( purchase GP)] as purchase GP,staging,derived,[ Product group ( purchase GP)] as purchase GP,"""Product /* TODO review */ group(purchase GP)"" as purchase GP","unknown_source.Product  (  purchase GP), unknown_source.purchase, unknown_source.GP",Yes,Function 'group()' not in mapping - emitted verbatim; verify Snowflake compatibility.
table_7,Product group ( purchase GP) name ] as purchase GP name,staging,derived,[ Product group ( purchase GP) name ] as purchase GP name,"""Product /* TODO review */ group(purchase GP) name"" as purchase GP name","unknown_source.Product  (  purchase GP) name, unknown_source.purchase, unknown_source.GP, unknown_source.name",Yes,Function 'group()' not in mapping - emitted verbatim; verify Snowflake compatibility.
table_8,NENDO&HANKI&BUKA_CD as concatenated key 2,intermediate,derived,NENDO&HANKI&BUKA_CD as concatenated key 2,NENDO || HANKI || BUKA_CD as concatenated key 2,-,,
table_8,BUKA_NAME as department name,intermediate,derived,BUKA_NAME as department name,BUKA_NAME as department name,-,,
table_8,BUKA_SORT as department order,intermediate,derived,BUKA_SORT as department order,BUKA_SORT as department order,-,,
table_8,SHISHA_CD as location branch code,intermediate,derived,SHISHA_CD as location branch code,SHISHA_CD as location branch code,-,,
table_8,SHISHA_NAME as location branch,intermediate,derived,SHISHA_NAME as location branch,SHISHA_NAME as location branch,-,,
table_8,KYOTEN_NAME as location name,intermediate,derived,KYOTEN_NAME as location name,KYOTEN_NAME as location name,-,,
table_8,KYOTEN_SORT as Order by location name,intermediate,derived,KYOTEN_SORT as Order by location name,KYOTEN_SORT as Order by location name,-,,
table_9,NENDO&HANKI&BUKA_CD as concatenated key 5,intermediate,derived,NENDO&HANKI&BUKA_CD as concatenated key 5,NENDO || HANKI || BUKA_CD as concatenated key 5,-,,
table_9,BUKA_NAME as department/section name2,intermediate,derived,BUKA_NAME as department/section name2,BUKA_NAME as department/section name2,-,,
table_9,BUKA_SORT as department order 2,intermediate,derived,BUKA_SORT as department order 2,BUKA_SORT as department order 2,-,,
table_9,SHISHA_CD as location branch code 2,intermediate,derived,SHISHA_CD as location branch code 2,SHISHA_CD as location branch code 2,-,,
table_9,SHISHA_NAME as location branch 2,intermediate,derived,SHISHA_NAME as location branch 2,SHISHA_NAME as location branch 2,-,,
table_9,KYOTEN_NAME as location name 2,intermediate,derived,KYOTEN_NAME as location name 2,KYOTEN_NAME as location name 2,-,,
table_9,KYOTEN_SORT as location name order 2,intermediate,derived,KYOTEN_SORT as location name order 2,KYOTEN_SORT as location name order 2,-,,
table_9__join10,distinct special code,staging,derived,distinct special code,distinct special code,"tokuim.special, tokuim.code",,
table_9__join10,ONAME,staging,derived,Special name,Special name,"tokuim.Special, tokuim.name",,
TOKUIM,special code,intermediate,derived,special code,special code,-,,
TOKUIM,"if(Isnull(ONAME)=True(), special name ,if(IsNull( special name )=True(),ONAME, favorite name )) as special name",intermediate,derived,"if(Isnull(ONAME)=True(), special name ,if(IsNull( special name )=True(),ONAME, favorite name )) as special name",CASE WHEN ONAME IS NULL=TRUE THEN special name ELSE CASE WHEN special name IS NULL=TRUE THEN ONAME ELSE favorite name END END as special name,-,,
table_12,*,intermediate,constant,*,*,-,,
table_12,dummy,intermediate,constant,'x','x',-,,
table_13,*,intermediate,constant,*,*,-,,
table_13,"x' as dummy ResidentAM0 Where RecNo()<=if(0=1,100,100000000)",intermediate,derived,"'x' as dummy ResidentAM0 Where RecNo()<=if(0=1,100,100000000)",'x' as dummy ResidentAM0 Where /* TODO review */ RecNo()<=CASE WHEN 0=1 THEN 100 ELSE 100000000 END,-,Yes,Function 'RecNo()' requires manual review (no deterministic Snowflake equivalent).
table_14,data up to the 20th of the previous month,intermediate,derived,data up to the 20th of the previous month,data up to the 20th of the previous month,"trace_qvd.data, trace_qvd.up, trace_qvd.to, trace_qvd.the, trace_qvd.th, trace_qvd.of, trace_qvd.previous, trace_qvd.month",,
table_14__join15,*,staging,constant,*,*,-,,
differs__join16,specialty,intermediate,derived,distinct Specialty code,distinct Specialty code,"tokuim.Specialty, tokuim.code",,
differs__join16,specialty name 2 as specialty name,intermediate,derived,specialty name 2 as specialty name,specialty name 2 as specialty name,"tokuim.specialty, tokuim.name",,
differs__join16__join17,Case Number,staging,direct,Case Number,Case Number,ankenmei.Number,,
differs__join16__join17,Case Title,staging,direct,Case Title,Case Title,ankenmei.Title,,
table_18,distinct product code,intermediate,derived,distinct product code,distinct product code,-,,
table_18,"if(len( product code )=8, if(mid( product code ,4,1)<'0', ' export goods ', if(mid( product code ,4,1)>'9', ' export goods ', ' Domestic product ' ) ), ' Domestic product ' ) as export category",intermediate,derived,"if(len( product code )=8, if(mid( product code ,4,1)<'0', ' export goods ', if(mid( product code ,4,1)>'9', ' export goods ', ' Domestic product ' ) ), ' Domestic product ' ) as export category","CASE WHEN LENGTH(product code)=8 THEN CASE WHEN SUBSTR(product code, 4, 1)<'0' THEN ' export goods ' ELSE CASE WHEN SUBSTR(product code, 4, 1)>'9' THEN ' export goods ' ELSE ' Domestic product ' END END ELSE ' Domestic product ' END as export category",-,,
ACT_LOAD__join19,FD,intermediate,direct,FD,FD,-,,
ACT_LOAD__join19,BU,intermediate,direct,BU,BU,-,,
ACT_LOAD__join19,Purchase GP as Purchase GP,intermediate,derived,Purchase GP as Purchase GP,Purchase GP as Purchase GP,-,,
ACT_LOAD__join20,management,intermediate,direct,management,management,-,,
ACT_LOAD__join20,BU,intermediate,direct,BU,BU,-,,
ACT_LOAD__join20,Purchasing GP as Purchasing GP,intermediate,derived,Purchasing GP as Purchasing GP,Purchasing GP as Purchasing GP,-,,
table_21,classification,intermediate,direct,classification,classification,-,,
table_21,property flag,intermediate,derived,property flag,property flag,-,,
table_21,year,intermediate,direct,year,year,-,,
table_21,department code,intermediate,derived,department code,department code,-,,
table_21,branch code,intermediate,derived,branch code,branch code,-,,
table_21,management,intermediate,direct,management,management,-,,
table_21,quantity,intermediate,aggregate,sum( quantity ),SUM(quantity),-,,
table_21,amount,intermediate,aggregate,sum( amount ),SUM(amount),-,,
table_21,quantity1,intermediate,aggregate,sum ( quantity1 ),SUM(quantity1),-,,
table_21,sum( amount 1) as amount 1,intermediate,aggregate,sum( amount 1) as amount 1,SUM(amount 1) as amount 1,-,,
table_21,quantity2,intermediate,aggregate,sum ( quantity2 ),SUM(quantity2),-,,
table_21,sum( amount 2) as amount 2,intermediate,aggregate,sum( amount 2) as amount 2,SUM(amount 2) as amount 2,-,,
table_21,quantity3,intermediate,aggregate,sum ( quantity3 ),SUM(quantity3),-,,
table_21,sum( amount 3) as amount 3,intermediate,aggregate,sum( amount 3) as amount 3,SUM(amount 3) as amount 3,-,,
table_21,quantity4,intermediate,aggregate,sum ( quantity4 ),SUM(quantity4),-,,
table_21,sum( amount 4) as amount 4,intermediate,aggregate,sum( amount 4) as amount 4,SUM(amount 4) as amount 4,-,,
table_21,sum( quantity 5) as quantity 5,intermediate,aggregate,sum( quantity 5) as quantity 5,SUM(quantity 5) as quantity 5,-,,
table_21,sum( amount 5) as amount 5,intermediate,aggregate,sum( amount 5) as amount 5,SUM(amount 5) as amount 5,-,,
table_21,sum( gross profit ) as gross profit,intermediate,aggregate,sum( gross profit ) as gross profit,SUM(gross profit) as gross profit,-,,
table_21,sum( gross profit 1) as gross profit 1,intermediate,aggregate,sum( gross profit 1) as gross profit 1,SUM(gross profit 1) as gross profit 1,-,,
table_21,sum( gross profit 2) as gross profit 2,intermediate,aggregate,sum( gross profit 2) as gross profit 2,SUM(gross profit 2) as gross profit 2,-,,
table_21,sum( gross profit 3) as gross profit 3,intermediate,aggregate,sum( gross profit 3) as gross profit 3,SUM(gross profit 3) as gross profit 3,-,,
table_21,sum( gross profit 4) as gross profit 4,intermediate,aggregate,sum( gross profit 4) as gross profit 4,SUM(gross profit 4) as gross profit 4,-,,
table_21,sum( gross profit 5) as gross profit 5,intermediate,aggregate,sum( gross profit 5) as gross profit 5,SUM(gross profit 5) as gross profit 5,-,,
table_21,dummy,intermediate,constant,'x','x',-,,
BUD_LOAD_TEMP2,year,intermediate,join,year,year,-,,
BUD_LOAD_TEMP2,department code,intermediate,derived,department code,department code,-,,
BUD_LOAD_TEMP2,branch code,intermediate,derived,branch code,branch code,-,,
BUD_LOAD_TEMP2,management,intermediate,join,management,management,-,,
BUD_LOAD_TEMP2,quantity,intermediate,direct,quantity,quantity,-,,
BUD_LOAD_TEMP2,Amount,intermediate,direct,Amount,Amount,-,,
BUD_LOAD_TEMP2,quantity 1,intermediate,direct,quantity 1,quantity 1,-,,
BUD_LOAD_TEMP2,Amount 1,intermediate,direct,Amount 1,Amount 1,-,,
BUD_LOAD_TEMP2,quantity 2,intermediate,direct,quantity 2,quantity 2,-,,
BUD_LOAD_TEMP2,Amount 2,intermediate,direct,Amount 2,Amount 2,-,,
BUD_LOAD_TEMP2,quantity 3,intermediate,direct,quantity 3,quantity 3,-,,
BUD_LOAD_TEMP2,Amount 3,intermediate,direct,Amount 3,Amount 3,-,,
BUD_LOAD_TEMP2,quantity 4,intermediate,direct,quantity 4,quantity 4,-,,
BUD_LOAD_TEMP2,Amount 4,intermediate,direct,Amount 4,Amount 4,-,,
BUD_LOAD_TEMP2,quantity 5,intermediate,direct,quantity 5,quantity 5,-,,
BUD_LOAD_TEMP2,Amount 5,intermediate,direct,Amount 5,Amount 5,-,,
BUD_LOAD_TEMP2,gross profit,intermediate,derived,gross profit,gross profit,-,,
BUD_LOAD_TEMP2,Gross profit 1,intermediate,derived,Gross profit 1,Gross profit 1,-,,
BUD_LOAD_TEMP2,gross profit 2,intermediate,derived,gross profit 2,gross profit 2,-,,
BUD_LOAD_TEMP2,gross profit 3,intermediate,derived,gross profit 3,gross profit 3,-,,
BUD_LOAD_TEMP2,Gross profit 4,intermediate,derived,Gross profit 4,Gross profit 4,-,,
BUD_LOAD_TEMP2,gross profit 5,intermediate,derived,gross profit 5,gross profit 5,-,,
common__join23,year,intermediate,direct,year,year,-,,
common__join23,department code,intermediate,derived,department code,department code,-,,
common__join23,branch code,intermediate,derived,branch code,branch code,-,,
common__join23,management,intermediate,direct,management,management,-,,
common__join23,quantity,intermediate,constant,0,0,-,,
common__join23,amount,intermediate,constant,0,0,-,,
common__join23,quantity1,intermediate,constant,0,0,-,,
common__join23,amount1,intermediate,constant,0,0,-,,
common__join23,0 as quantity 2,intermediate,direct,0 as quantity 2,0 as quantity 2,-,,
common__join23,0 as amount 2,intermediate,direct,0 as amount 2,0 as amount 2,-,,
common__join23,0 as quantity 3,intermediate,direct,0 as quantity 3,0 as quantity 3,-,,
common__join23,0 as amount 3,intermediate,direct,0 as amount 3,0 as amount 3,-,,
common__join23,0 as quantity 4,intermediate,direct,0 as quantity 4,0 as quantity 4,-,,
common__join23,0 as amount 4,intermediate,direct,0 as amount 4,0 as amount 4,-,,
common__join23,0 as quantity 5,intermediate,direct,0 as quantity 5,0 as quantity 5,-,,
common__join23,0 as amount 5,intermediate,direct,0 as amount 5,0 as amount 5,-,,
common__join23,0 as gross profit,intermediate,derived,0 as gross profit,0 as gross profit,-,,
common__join23,0 as gross profit 1,intermediate,derived,0 as gross profit 1,0 as gross profit 1,-,,
common__join23,0 as gross profit 2,intermediate,derived,0 as gross profit 2,0 as gross profit 2,-,,
common__join23,0 as gross profit3,intermediate,derived,0 as gross profit3,0 as gross profit3,-,,
common__join23,0 as gross profit 4,intermediate,derived,0 as gross profit 4,0 as gross profit 4,-,,
common__join23,0 as gross profit 5,intermediate,derived,0 as gross profit 5,0 as gross profit 5,-,,
BUD_LOAD_TEMP2__join24,year,intermediate,direct,year,year,-,,
BUD_LOAD_TEMP2__join24,department code,intermediate,derived,department code,department code,-,,
BUD_LOAD_TEMP2__join24,branch code,intermediate,derived,branch code,branch code,-,,
BUD_LOAD_TEMP2__join24,management,intermediate,direct,management,management,-,,
BUD_LOAD_TEMP2__join24,quantity as quantity B,intermediate,derived,quantity as quantity B,quantity as quantity B,-,,
BUD_LOAD_TEMP2__join24,amount as amount B,intermediate,derived,amount as amount B,amount as amount B,-,,
BUD_LOAD_TEMP2__join24,quantity 1 as quantity 1B,intermediate,derived,quantity 1 as quantity 1B,quantity 1 as quantity 1B,-,,
BUD_LOAD_TEMP2__join24,amount 1 as amount 1B,intermediate,derived,amount 1 as amount 1B,amount 1 as amount 1B,-,,
BUD_LOAD_TEMP2__join24,quantity 2 as quantity 2B,intermediate,derived,quantity 2 as quantity 2B,quantity 2 as quantity 2B,-,,
BUD_LOAD_TEMP2__join24,amount 2 as amount 2B,intermediate,derived,amount 2 as amount 2B,amount 2 as amount 2B,-,,
BUD_LOAD_TEMP2__join24,quantity 3 as quantity 3B,intermediate,derived,quantity 3 as quantity 3B,quantity 3 as quantity 3B,-,,
BUD_LOAD_TEMP2__join24,amount 3 as amount 3B,intermediate,derived,amount 3 as amount 3B,amount 3 as amount 3B,-,,
BUD_LOAD_TEMP2__join24,quantity 4 as quantity 4B,intermediate,derived,quantity 4 as quantity 4B,quantity 4 as quantity 4B,-,,
BUD_LOAD_TEMP2__join24,amount 4 as amount 4B,intermediate,derived,amount 4 as amount 4B,amount 4 as amount 4B,-,,
BUD_LOAD_TEMP2__join24,quantity 5 as quantity 5B,intermediate,derived,quantity 5 as quantity 5B,quantity 5 as quantity 5B,-,,
BUD_LOAD_TEMP2__join24,amount 5 as amount 5B,intermediate,derived,amount 5 as amount 5B,amount 5 as amount 5B,-,,
BUD_LOAD_TEMP2__join24,gross profit as gross profit B,intermediate,derived,gross profit as gross profit B,gross profit as gross profit B,-,,
BUD_LOAD_TEMP2__join24,gross profit 1 as gross profit 1B,intermediate,derived,gross profit 1 as gross profit 1B,gross profit 1 as gross profit 1B,-,,
BUD_LOAD_TEMP2__join24,gross profit 2 as gross profit 2B,intermediate,derived,gross profit 2 as gross profit 2B,gross profit 2 as gross profit 2B,-,,
BUD_LOAD_TEMP2__join24,gross profit 3 as gross profit 3B,intermediate,derived,gross profit 3 as gross profit 3B,gross profit 3 as gross profit 3B,-,,
BUD_LOAD_TEMP2__join24,gross profit 4 as gross profit 4B,intermediate,derived,gross profit 4 as gross profit 4B,gross profit 4 as gross profit 4B,-,,
BUD_LOAD_TEMP2__join24,gross profit 5 as gross profit 5B,intermediate,derived,gross profit 5 as gross profit 5B,gross profit 5 as gross profit 5B,-,,
BUD_LOAD_TEMP3,dummy,intermediate,constant,'x','x',-,,
BUD_LOAD_TEMP3,category,intermediate,constant,'BUD','BUD',-,,
BUD_LOAD_TEMP3,0 as property flag,intermediate,derived,0 as property flag,0 as property flag,-,,
BUD_LOAD_TEMP3,year,intermediate,direct,year,year,-,,
BUD_LOAD_TEMP3,department code,intermediate,derived,department code,department code,-,,
BUD_LOAD_TEMP3,branch code,intermediate,derived,branch code,branch code,-,,
BUD_LOAD_TEMP3,management,intermediate,direct,management,management,-,,
BUD_LOAD_TEMP3,"Quantity - if(IsNull( QuantityB ) ,0, QuantityB ) asQuantity",intermediate,derived,"Quantity - if(IsNull( QuantityB ) ,0, QuantityB ) asQuantity",Quantity - CASE WHEN QuantityB IS NULL THEN 0 ELSE QuantityB END asQuantity,-,,
BUD_LOAD_TEMP3,"Amount - if(IsNull( AmountB ),0, AmountB ) asAmount",intermediate,derived,"Amount - if(IsNull( AmountB ),0, AmountB ) asAmount",Amount - CASE WHEN AmountB IS NULL THEN 0 ELSE AmountB END asAmount,-,,
BUD_LOAD_TEMP3,"Quantity1 - if(IsNull( Quantity1B ),0, Quantity1B ) asQuantity1",intermediate,derived,"Quantity1 - if(IsNull( Quantity1B ),0, Quantity1B ) asQuantity1",Quantity1 - CASE WHEN Quantity1B IS NULL THEN 0 ELSE Quantity1B END asQuantity1,-,,
BUD_LOAD_TEMP3,"Amount1 - if(IsNull( Amount1B ),0, Amount1B ) asAmount1",intermediate,derived,"Amount1 - if(IsNull( Amount1B ),0, Amount1B ) asAmount1",Amount1 - CASE WHEN Amount1B IS NULL THEN 0 ELSE Amount1B END asAmount1,-,,
BUD_LOAD_TEMP3,"Quantity2 - if(IsNull( Quantity2B ),0 , Quantity2B ) asQuantity2",intermediate,derived,"Quantity2 - if(IsNull( Quantity2B ),0 , Quantity2B ) asQuantity2",Quantity2 - CASE WHEN Quantity2B IS NULL THEN 0 ELSE Quantity2B END asQuantity2,-,,
BUD_LOAD_TEMP3,"Amount2 - if(IsNull( Amount2B ),0, Amount2B ) asAmount2",intermediate,derived,"Amount2 - if(IsNull( Amount2B ),0, Amount2B ) asAmount2",Amount2 - CASE WHEN Amount2B IS NULL THEN 0 ELSE Amount2B END asAmount2,-,,
BUD_LOAD_TEMP3,"Quantity3 - if(IsNull( Quantity3B ),0 , Quantity3B ) asQuantity3",intermediate,derived,"Quantity3 - if(IsNull( Quantity3B ),0 , Quantity3B ) asQuantity3",Quantity3 - CASE WHEN Quantity3B IS NULL THEN 0 ELSE Quantity3B END asQuantity3,-,,
BUD_LOAD_TEMP3,"Amount 3 - if(IsNull( Amount 3B),0, Amount 3B) asAmount 3",intermediate,derived,"Amount 3 - if(IsNull( Amount 3B),0, Amount 3B) asAmount 3",Amount 3 - CASE WHEN Amount 3B IS NULL THEN 0 ELSE Amount 3B END asAmount 3,-,,
BUD_LOAD_TEMP3,"Quantity4 - if(IsNull( Quantity4B ),0 , Quantity4B ) asQuantity4",intermediate,derived,"Quantity4 - if(IsNull( Quantity4B ),0 , Quantity4B ) asQuantity4",Quantity4 - CASE WHEN Quantity4B IS NULL THEN 0 ELSE Quantity4B END asQuantity4,-,,
BUD_LOAD_TEMP3,"Amount 4 - if(IsNull( Amount 4B),0, Amount 4B) asAmount 4",intermediate,derived,"Amount 4 - if(IsNull( Amount 4B),0, Amount 4B) asAmount 4",Amount 4 - CASE WHEN Amount 4B IS NULL THEN 0 ELSE Amount 4B END asAmount 4,-,,
BUD_LOAD_TEMP3,"Quantity5 - if(IsNull( Quantity5B ),0 , Quantity5B ) asQuantity5",intermediate,derived,"Quantity5 - if(IsNull( Quantity5B ),0 , Quantity5B ) asQuantity5",Quantity5 - CASE WHEN Quantity5B IS NULL THEN 0 ELSE Quantity5B END asQuantity5,-,,
BUD_LOAD_TEMP3,"Amount 5 - if(IsNull( Amount 5B),0, Amount 5B) asAmount 5",intermediate,derived,"Amount 5 - if(IsNull( Amount 5B),0, Amount 5B) asAmount 5",Amount 5 - CASE WHEN Amount 5B IS NULL THEN 0 ELSE Amount 5B END asAmount 5,-,,
BUD_LOAD_TEMP3,"Gross profit - if(IsNull( Gross profit B),0, Gross profit B) as Gross profit",intermediate,derived,"Gross profit - if(IsNull( Gross profit B),0, Gross profit B) as Gross profit",Gross profit - CASE WHEN Gross profit B IS NULL THEN 0 ELSE Gross profit B END as Gross profit,-,,
BUD_LOAD_TEMP3,"Gross profit 1 - if(IsNull( gross profit 1B),0, gross profit 1B) as gross profit 1",intermediate,derived,"Gross profit 1 - if(IsNull( gross profit 1B),0, gross profit 1B) as gross profit 1",Gross profit 1 - CASE WHEN gross profit 1B IS NULL THEN 0 ELSE gross profit 1B END as gross profit 1,-,,
BUD_LOAD_TEMP3,"Gross profit 2 - if(IsNull( gross profit 2B),0, gross profit 2B) as gross profit 2",intermediate,derived,"Gross profit 2 - if(IsNull( gross profit 2B),0, gross profit 2B) as gross profit 2",Gross profit 2 - CASE WHEN gross profit 2B IS NULL THEN 0 ELSE gross profit 2B END as gross profit 2,-,,
BUD_LOAD_TEMP3,"Gross profit 3 - if(IsNull( gross profit 3B),0, gross profit 3B) as gross profit 3",intermediate,derived,"Gross profit 3 - if(IsNull( gross profit 3B),0, gross profit 3B) as gross profit 3",Gross profit 3 - CASE WHEN gross profit 3B IS NULL THEN 0 ELSE gross profit 3B END as gross profit 3,-,,
BUD_LOAD_TEMP3,"Gross profit 4 - if(IsNull( gross profit 4B),0, gross profit 4B) as gross profit 4",intermediate,derived,"Gross profit 4 - if(IsNull( gross profit 4B),0, gross profit 4B) as gross profit 4",Gross profit 4 - CASE WHEN gross profit 4B IS NULL THEN 0 ELSE gross profit 4B END as gross profit 4,-,,
BUD_LOAD_TEMP3,"Gross profit 5 - if(IsNull( gross profit 5B),0, gross profit 5B) as gross profit 5",intermediate,derived,"Gross profit 5 - if(IsNull( gross profit 5B),0, gross profit 5B) as gross profit 5",Gross profit 5 - CASE WHEN gross profit 5B IS NULL THEN 0 ELSE gross profit 5B END as gross profit 5,-,,
common__join26,category,intermediate,constant,'BUD','BUD',-,,
common__join26,1 as property flag,intermediate,derived,1 as property flag,1 as property flag,-,,
common__join26,year,intermediate,direct,year,year,-,,
common__join26,department code,intermediate,derived,department code,department code,-,,
common__join26,branch code,intermediate,derived,branch code,branch code,-,,
common__join26,management,intermediate,direct,management,management,-,,
common__join26,quantity,intermediate,direct,quantity,quantity,-,,
common__join26,Amount of money,intermediate,derived,Amount of money,Amount of money,-,,
common__join26,quantity 1,intermediate,direct,quantity 1,quantity 1,-,,
common__join26,Amount 1,intermediate,direct,Amount 1,Amount 1,-,,
common__join26,quantity 2,intermediate,direct,quantity 2,quantity 2,-,,
common__join26,Amount 2,intermediate,direct,Amount 2,Amount 2,-,,
common__join26,quantity 3,intermediate,direct,quantity 3,quantity 3,-,,
common__join26,Amount 3,intermediate,direct,Amount 3,Amount 3,-,,
common__join26,quantity 4,intermediate,direct,quantity 4,quantity 4,-,,
common__join26,Amount 4,intermediate,direct,Amount 4,Amount 4,-,,
common__join26,quantity 5,intermediate,direct,quantity 5,quantity 5,-,,
common__join26,Amount 5,intermediate,direct,Amount 5,Amount 5,-,,
common__join26,gross profit,intermediate,derived,gross profit,gross profit,-,,
common__join26,Gross profit 1,intermediate,derived,Gross profit 1,Gross profit 1,-,,
common__join26,gross profit 2,intermediate,derived,gross profit 2,gross profit 2,-,,
common__join26,gross profit 3,intermediate,derived,gross profit 3,gross profit 3,-,,
common__join26,Gross profit 4,intermediate,derived,Gross profit 4,Gross profit 4,-,,
common__join26,gross profit 5,intermediate,derived,gross profit 5,gross profit 5,-,,
table_27,classification,intermediate,join,classification,classification,-,,
table_27,Property flag,intermediate,derived,Property flag,Property flag,-,,
table_27,department code,intermediate,derived,department code,department code,-,,
table_27,"Mid( department code ,3,1) as channel code",intermediate,derived,"Mid( department code ,3,1) as channel code","SUBSTR(department code, 3, 1) as channel code",-,,
table_27,branch code,intermediate,derived,branch code,branch code,-,,
table_27,management,intermediate,join,management,management,-,,
table_27,quantity as budget number,intermediate,derived,quantity as budget number,quantity as budget number,-,,
table_27,Amount *1000 asbudget,intermediate,derived,Amount *1000 asbudget,Amount *1000 asbudget,-,,
table_27,_ Gross profit *1000 asgross profit budget,intermediate,derived,_ Gross profit *1000 asgross profit budget,_ Gross profit *1000 asgross profit budget,-,,
table_27,Year,intermediate,join,Year,Year,-,,
table_27,"20'&if(Right( year ,1)='A',left( year ,2)&'-04',left( year ,2)&'-10') as year and month",intermediate,derived,"'20'&if(Right( year ,1)='A',left( year ,2)&'-04',left( year ,2)&'-10') as year and month","'20' || CASE WHEN RIGHT(year, 1)='A' THEN LEFT(year, 2) || '-04' ELSE LEFT(year, 2) || '-10' END as year and month",-,,
table_27__join28,classification,intermediate,join,classification,classification,-,,
table_27__join28,Property flag,intermediate,derived,Property flag,Property flag,-,,
table_27__join28,department code,intermediate,derived,department code,department code,-,,
table_27__join28,"Mid( department code ,3,1) as channel code",intermediate,derived,"Mid( department code ,3,1) as channel code","SUBSTR(department code, 3, 1) as channel code",-,,
table_27__join28,branch code,intermediate,derived,branch code,branch code,-,,
table_27__join28,management,intermediate,join,management,management,-,,
table_27__join28,quantity 1 as budget number,intermediate,derived,quantity 1 as budget number,quantity 1 as budget number,-,,
table_27__join28,budget,intermediate,derived,Amount 1*1000,Amount 1*1000,-,,
table_27__join28,_ Gross profit 1*1000 as gross profit budget,intermediate,derived,_ Gross profit 1*1000 as gross profit budget,_ Gross profit 1*1000 as gross profit budget,-,,
table_27__join28,Year,intermediate,join,Year,Year,-,,
table_27__join28,"20'&if(Right( year ,1)='A',left( year ,2)&'-05',left( year ,2)&'-11') as year and month",intermediate,derived,"'20'&if(Right( year ,1)='A',left( year ,2)&'-05',left( year ,2)&'-11') as year and month","'20' || CASE WHEN RIGHT(year, 1)='A' THEN LEFT(year, 2) || '-05' ELSE LEFT(year, 2) || '-11' END as year and month",-,,
table_27__join28__join29,classification,intermediate,direct,classification,classification,-,,
table_27__join28__join29,Property flag,intermediate,derived,Property flag,Property flag,-,,
table_27__join28__join29,department code,intermediate,derived,department code,department code,-,,
table_27__join28__join29,"Mid( department code ,3,1) as channel code",intermediate,derived,"Mid( department code ,3,1) as channel code","SUBSTR(department code, 3, 1) as channel code",-,,
table_27__join28__join29,branch code,intermediate,derived,branch code,branch code,-,,
table_27__join28__join29,management,intermediate,direct,management,management,-,,
table_27__join28__join29,quantity 2 as budget number,intermediate,derived,quantity 2 as budget number,quantity 2 as budget number,-,,
table_27__join28__join29,budget,intermediate,derived,Amount 2*1000,Amount 2*1000,-,,
table_27__join28__join29,_ Gross profit 2*1000 as gross profit budget,intermediate,derived,_ Gross profit 2*1000 as gross profit budget,_ Gross profit 2*1000 as gross profit budget,-,,
table_27__join28__join29,Year,intermediate,direct,Year,Year,-,,
table_27__join28__join29,"20'&if(Right( year ,1)='A',left( year ,2)&'-06',left( year ,2)&'-12') as year and month",intermediate,derived,"'20'&if(Right( year ,1)='A',left( year ,2)&'-06',left( year ,2)&'-12') as year and month","'20' || CASE WHEN RIGHT(year, 1)='A' THEN LEFT(year, 2) || '-06' ELSE LEFT(year, 2) || '-12' END as year and month",-,,
common psi meisai__join30,classification,intermediate,direct,classification,classification,-,,
common psi meisai__join30,Property flag,intermediate,derived,Property flag,Property flag,-,,
common psi meisai__join30,department code,intermediate,derived,department code,department code,-,,
common psi meisai__join30,"Mid( department code ,3,1) as channel code",intermediate,derived,"Mid( department code ,3,1) as channel code","SUBSTR(department code, 3, 1) as channel code",-,,
common psi meisai__join30,branch code,intermediate,derived,branch code,branch code,-,,
common psi meisai__join30,management,intermediate,direct,management,management,-,,
common psi meisai__join30,quantity 3 as budget number,intermediate,derived,quantity 3 as budget number,quantity 3 as budget number,-,,
common psi meisai__join30,budget,intermediate,derived,Amount 3*1000,Amount 3*1000,-,,
common psi meisai__join30,_ Gross profit 3*1000 as gross profit budget,intermediate,derived,_ Gross profit 3*1000 as gross profit budget,_ Gross profit 3*1000 as gross profit budget,-,,
common psi meisai__join30,Year,intermediate,direct,Year,Year,-,,
common psi meisai__join30,"20'&if(Right( year ,1)='A',left( year ,2)&'-07',num(left( year ,2))+1&'-01') as year and month",intermediate,derived,"'20'&if(Right( year ,1)='A',left( year ,2)&'-07',num(left( year ,2))+1&'-01') as year and month","'20' || CASE WHEN RIGHT(year, 1)='A' THEN LEFT(year, 2) || '-07' ELSE TO_NUMBER(LEFT(year, 2))+1 || '-01' END as year and month",-,,
common__join31,classification,intermediate,direct,classification,classification,-,,
common__join31,Property flag,intermediate,derived,Property flag,Property flag,-,,
common__join31,department code,intermediate,derived,department code,department code,-,,
common__join31,"Mid( department code ,3,1) as channel code",intermediate,derived,"Mid( department code ,3,1) as channel code","SUBSTR(department code, 3, 1) as channel code",-,,
common__join31,branch code,intermediate,derived,branch code,branch code,-,,
common__join31,management,intermediate,direct,management,management,-,,
common__join31,quantity 4 as budget number,intermediate,derived,quantity 4 as budget number,quantity 4 as budget number,-,,
common__join31,budget,intermediate,derived,Amount 4*1000,Amount 4*1000,-,,
common__join31,_ Gross profit 4*1000 as gross profit budget,intermediate,derived,_ Gross profit 4*1000 as gross profit budget,_ Gross profit 4*1000 as gross profit budget,-,,
common__join31,Year,intermediate,direct,Year,Year,-,,
common__join31,"20'&if(Right( year ,1)='A',left( year ,2)&'-08',num(left( year ,2))+1&'-02') as year and month",intermediate,derived,"'20'&if(Right( year ,1)='A',left( year ,2)&'-08',num(left( year ,2))+1&'-02') as year and month","'20' || CASE WHEN RIGHT(year, 1)='A' THEN LEFT(year, 2) || '-08' ELSE TO_NUMBER(LEFT(year, 2))+1 || '-02' END as year and month",-,,
common__join32,classification,intermediate,direct,classification,classification,-,,
common__join32,Property flag,intermediate,derived,Property flag,Property flag,-,,
common__join32,department code,intermediate,derived,department code,department code,-,,
common__join32,"Mid( department code ,3,1) as channel code",intermediate,derived,"Mid( department code ,3,1) as channel code","SUBSTR(department code, 3, 1) as channel code",-,,
common__join32,branch code,intermediate,derived,branch code,branch code,-,,
common__join32,management,intermediate,direct,management,management,-,,
common__join32,quantity 5 as budget number,intermediate,derived,quantity 5 as budget number,quantity 5 as budget number,-,,
common__join32,budget,intermediate,derived,Amount 5*1000,Amount 5*1000,-,,
common__join32,_ Gross profit 5*1000 as gross profit budget,intermediate,derived,_ Gross profit 5*1000 as gross profit budget,_ Gross profit 5*1000 as gross profit budget,-,,
common__join32,Year,intermediate,direct,Year,Year,-,,
common__join32,"20'&if(Right( year ,1)='A',left( year ,2)&'-09',num(left( year ,2))+1&'-03') as year and month",intermediate,derived,"'20'&if(Right( year ,1)='A',left( year ,2)&'-09',num(left( year ,2))+1&'-03') as year and month","'20' || CASE WHEN RIGHT(year, 1)='A' THEN LEFT(year, 2) || '-09' ELSE TO_NUMBER(LEFT(year, 2))+1 || '-03' END as year and month",-,,
BUD_LOAD_TEMP2__join33,management,intermediate,direct,management,management,"unknown_source.Management, unknown_source.product, unknown_source.classification",,
BUD_LOAD_TEMP2__join33,Product category name,intermediate,derived,Product category name,Product category name,"unknown_source.Product, unknown_source.category, unknown_source.name",,
BUD_LOAD_TEMP2__join33,Product classification name,intermediate,derived,Product classification name,Product classification name,"unknown_source.Product, unknown_source.classification, unknown_source.name",,
BUD_LOAD_TEMP2__join34,Year,intermediate,direct,Year,Year,-,,
BUD_LOAD_TEMP2__join34,branch code,intermediate,derived,branch code,branch code,-,,
BUD_LOAD_TEMP2__join34,Branch name,intermediate,derived,Branch name,Branch name,-,,
BUD_LOAD_TEMP2__join34,Business department,intermediate,derived,Business department,Business department,-,,
BUD_LOAD_TEMP2__join35,Year,intermediate,direct,Year,Year,-,,
BUD_LOAD_TEMP2__join35,channel code,intermediate,derived,channel code,channel code,-,,
BUD_LOAD_TEMP2__join35,channel,intermediate,direct,channel,channel,-,,
ACT_LOAD__join36,*,intermediate,constant,*,*,-,,
ACT_LOAD__join36,C_NO,intermediate,constant,'01','01',-,,
ACT_LOAD__join36,month,intermediate,derived,"Num(Right( year month , 2))","TO_NUMBER(RIGHT(year month, 2))",-,,
ACT_LOAD__join36,year,intermediate,derived,"if(Right( year/month ,2)>='04' ,Left( Year/Month ,4) ,Num(Left( year/month ,4))-1 )","CASE WHEN RIGHT(year/month, 2)>='04' THEN LEFT(Year/Month, 4) ELSE TO_NUMBER(LEFT(year/month, 4))-1 END",-,,
ACT_LOAD__join36,period,intermediate,derived,"if(Right( year/month ,2)>='04' and Right( year/month ,2)<='09' ,'A' ,'B' )","CASE WHEN RIGHT(year/month, 2)>='04' and RIGHT(year/month, 2)<='09' THEN 'A' ELSE 'B' END",-,,
ACT_LOAD__join36,quarter,intermediate,derived,"if(Right( year/month ,2)>='04' and Right( year/month ,2)<='09' ,if(Right( year/month ,2)<='06' ,'Q1' ,'Q2' ) ,if(Right( year/month ,2)>='10' ,'Q3' ,'Q4' ) )","CASE WHEN RIGHT(year/month, 2)>='04' and RIGHT(year/month, 2)<='09' THEN CASE WHEN RIGHT(year/month, 2)<='06' THEN 'Q1' ELSE 'Q2' END ELSE CASE WHEN RIGHT(year/month, 2)>='10' THEN 'Q3' ELSE 'Q4' END END",-,,
ACT_LOAD__join36,"Left( year , month , 4) as CY year",intermediate,derived,"Left( year , month , 4) as CY year","LEFT(year, month) as CY year",-,Yes,Function 'Left()' received 3 args but mapping uses 2 - extra arguments dropped; review.
ACT_LOAD__join36,"if(Right( year/month ,2)<='06' ,'A' ,'B' ) as CY period",intermediate,derived,"if(Right( year/month ,2)<='06' ,'A' ,'B' ) as CY period","CASE WHEN RIGHT(year/month, 2)<='06' THEN 'A' ELSE 'B' END as CY period",-,,
ACT_LOAD__join36,"if(Right( year/month ,2)<='03' ,'Q1' ,if(Right( year/month ,2)<='06' ,'Q2' ,if(Right( year/month ,2)<='09' ,'Q3' ,'Q4' ) ) ) as CY quarter",intermediate,derived,"if(Right( year/month ,2)<='03' ,'Q1' ,if(Right( year/month ,2)<='06' ,'Q2' ,if(Right( year/month ,2)<='09' ,'Q3' ,'Q4' ) ) ) as CY quarter","CASE WHEN RIGHT(year/month, 2)<='03' THEN 'Q1' ELSE CASE WHEN RIGHT(year/month, 2)<='06' THEN 'Q2' ELSE CASE WHEN RIGHT(year/month, 2)<='09' THEN 'Q3' ELSE 'Q4' END END END as CY quarter",-,,
ACT_LOAD__join36,"Left( year , month , 4)&'/'&right( year, month , 2)&'/01' as date of occurrence",intermediate,derived,"Left( year , month , 4)&'/'&right( year, month , 2)&'/01' as date of occurrence","LEFT(year, month) || '/' || RIGHT(year, month) || '/01' as date of occurrence",-,Yes,Function 'Left()' received 3 args but mapping uses 2 - extra arguments dropped; review.; Function 'right()' received 3 args but mapping uses 2 - extra arguments dropped; review.
ACT_LOAD__join36,"if(Right( year/month ,2)>='04',Left( year/month ,4),Num(Left( year/month ,4))-1) & if(Right( year/month ,2)>='04' and Right( year/month ,2)<='09','A','B') & Department code as concatenated key 2",intermediate,derived,"if(Right( year/month ,2)>='04',Left( year/month ,4),Num(Left( year/month ,4))-1) & if(Right( year/month ,2)>='04' and Right( year/month ,2)<='09','A','B') & Department code as concatenated key 2","CASE WHEN RIGHT(year/month, 2)>='04' THEN LEFT(year/month, 4) ELSE TO_NUMBER(LEFT(year/month, 4))-1 END || CASE WHEN RIGHT(year/month, 2)>='04' and RIGHT(year/month, 2)<='09' THEN 'A' ELSE 'B' END || Department code as concatenated key 2",-,,
table_37,"MaxString(left(date( occurrence date_SOURCE,'YYYY/MM/DD'),10)) as latest occurrence date ResidentIDO_SOURCE_ALL",intermediate,derived,"MaxString(left(date( occurrence date_SOURCE,'YYYY/MM/DD'),10)) as latest occurrence date ResidentIDO_SOURCE_ALL","/* TODO review */ MaxString(LEFT(TO_DATE(occurrence date_SOURCE, 'YYYY/MM/DD'), 10)) as latest occurrence date ResidentIDO_SOURCE_ALL",-,Yes,Function 'MaxString()' not in mapping - emitted verbatim; verify Snowflake compatibility.
BUKKEN,dummy,intermediate,constant,'x','x',-,,
BUKKEN,Property No. data partition,intermediate,derived,Property No. data partition,Property No. data partition,-,,
BUKKEN,"if( data classification NO=2, if( actual cost amount >0,'9', data classification NO), Data classification NO. ) as data classification NO",intermediate,derived,"if( data classification NO=2, if( actual cost amount >0,'9', data classification NO), Data classification NO. ) as data classification NO",CASE WHEN data classification NO=2 THEN CASE WHEN actual cost amount >0 THEN '9' ELSE data classification NO END ELSE Data classification NO. END as data classification NO,-,,
BUKKEN,"Replace( matter status ,' ','') as matter status",intermediate,derived,"Replace( matter status ,' ','') as matter status","REPLACE(matter status, ' ', '') as matter status",-,,
BUKKEN,Main contractor/subcontractor classification,intermediate,derived,Main contractor/subcontractor classification,Main contractor/subcontractor classification,-,,
BUKKEN,Industrial waste treatment classification,intermediate,derived,Industrial waste treatment classification,Industrial waste treatment classification,-,,
BUKKEN,"if(JOB classification ORG=' equipment + construction ','0', if(JOB classification ORG=' Construction only ','1','2') ) as JOB classification NO",intermediate,derived,"if(JOB classification ORG=' equipment + construction ','0', if(JOB classification ORG=' Construction only ','1','2') ) as JOB classification NO",CASE WHEN JOB classification ORG=' equipment + construction ' THEN '0' ELSE CASE WHEN JOB classification ORG=' Construction only ' THEN '1' ELSE '2' END END as JOB classification NO,-,,
BUKKEN,"if(JOB classification ORG=' Equipment + Construction ', '0: Equipment + Construction ', if(JOB classification ORG=' Construction only ','1: Construction only ','2: Equipment only ') ) as JOB classification",intermediate,derived,"if(JOB classification ORG=' Equipment + Construction ', '0: Equipment + Construction ', if(JOB classification ORG=' Construction only ','1: Construction only ','2: Equipment only ') ) as JOB classification",CASE WHEN JOB classification ORG=' Equipment + Construction ' THEN '0: Equipment + Construction ' ELSE CASE WHEN JOB classification ORG=' Construction only ' THEN '1: Construction only ' ELSE '2: Equipment only ' END END as JOB classification,-,,
BUKKEN,Property ID,intermediate,derived,Property ID,Property ID,-,,
BUKKEN,Property Name,intermediate,derived,Property Name,Property Name,-,,
BUKKEN,Initial order amount,intermediate,derived,Initial order amount,Initial order amount,-,,
BUKKEN,Initial cost amount,intermediate,derived,Initial cost amount,Initial cost amount,-,,
BUKKEN,Initial gross profit amount,intermediate,derived,Initial gross profit amount,Initial gross profit amount,-,,
BUKKEN,Change order amount,intermediate,derived,Change order amount,Change order amount,-,,
BUKKEN,change cost amount,intermediate,derived,change cost amount,change cost amount,-,,
BUKKEN,Changed gross profit amount,intermediate,derived,Changed gross profit amount,Changed gross profit amount,-,,
BUKKEN,"if( change order amount >0, change order amount , original order amount ) as change order amount 2",intermediate,derived,"if( change order amount >0, change order amount , original order amount ) as change order amount 2",CASE WHEN change order amount >0 THEN change order amount ELSE original order amount END as change order amount 2,-,,
BUKKEN,"if( changed cost amount >0, changed cost amount , original cost amount ) aschanged cost amount2",intermediate,derived,"if( changed cost amount >0, changed cost amount , original cost amount ) aschanged cost amount2",CASE WHEN changed cost amount >0 THEN changed cost amount ELSE original cost amount END aschanged cost amount2,-,,
BUKKEN,"if( changed gross profit amount >0, changed gross profit amount , original gross profit amount ) as changed gross profit amount 2",intermediate,derived,"if( changed gross profit amount >0, changed gross profit amount , original gross profit amount ) as changed gross profit amount 2",CASE WHEN changed gross profit amount >0 THEN changed gross profit amount ELSE original gross profit amount END as changed gross profit amount 2,-,,
BUKKEN,Actual sales amount,intermediate,derived,Actual sales amount,Actual sales amount,-,,
BUKKEN,Actual cost amount,intermediate,derived,Actual cost amount,Actual cost amount,-,,
BUKKEN,Actual sales amount - Actual cost amount as Actual gross profit amount,intermediate,derived,Actual sales amount - Actual cost amount as Actual gross profit amount,Actual sales amount - Actual cost amount as Actual gross profit amount,-,,
BUKKEN,"Actual cost amount /if( changed cost amount > 0, changed cost amount , original cost amount ) as cost injection rate",intermediate,derived,"Actual cost amount /if( changed cost amount > 0, changed cost amount , original cost amount ) as cost injection rate",Actual cost amount /CASE WHEN changed cost amount > 0 THEN changed cost amount ELSE original cost amount END as cost injection rate,-,,
BUKKEN,FD name,intermediate,derived,FD name,FD name,-,,
BUKKEN,FD,intermediate,derived,"left(FD name ,3)","LEFT(FD name, 3)",-,,
BUKKEN,department code,intermediate,derived,department code,department code,-,,
BUKKEN,"left( department code , 2) as branch code",intermediate,derived,"left( department code , 2) as branch code","LEFT(department code, 2) as branch code",-,,
BUKKEN,"mid( department code ,3,1) as channel code",intermediate,derived,"mid( department code ,3,1) as channel code","SUBSTR(department code, 3, 1) as channel code",-,,
BUKKEN,manager,intermediate,direct,manager,manager,-,,
BUKKEN,"if(len(replace(replace( construction engineer name ,' ',''),' ',''))=0, '$(varC_GIJUTSU_NULL)', replace(replace( construction engineer name ,' ',''),' ','') ) as construction engineer name",intermediate,derived,"if(len(replace(replace( construction engineer name ,' ',''),' ',''))=0, '$(varC_GIJUTSU_NULL)', replace(replace( construction engineer name ,' ',''),' ','') ) as construction engineer name","CASE WHEN LENGTH(REPLACE(REPLACE(construction engineer name, ' ', ''), ' ', ''))=0 THEN '$(varC_GIJUTSU_NULL)' ELSE REPLACE(REPLACE(construction engineer name, ' ', ''), ' ', '') END as construction engineer name",-,,
BUKKEN,Scheduled construction start date,intermediate,derived,Scheduled construction start date,Scheduled construction start date,-,,
BUKKEN,Expected completion date,intermediate,derived,Expected completion date,Expected completion date,-,,
BUKKEN,Construction start date,intermediate,derived,Construction start date,Construction start date,-,,
BUKKEN,"if(if( changed order amount >0, changed order amount , original order amount )<35000000, 0, 1 ) as order classification",intermediate,derived,"if(if( changed order amount >0, changed order amount , original order amount )<35000000, 0, 1 ) as order classification",CASE WHEN CASE WHEN changed order amount >0 THEN changed order amount ELSE original order amount END<35000000 THEN 0 ELSE 1 END as order classification,-,,
BUKKEN,Specialty,intermediate,direct,Specialty,Specialty,-,,
BUKKEN,specialty name,intermediate,derived,specialty name,specialty name,-,,
BUKKEN,Expected sales month,intermediate,derived,Expected sales month,Expected sales month,-,,
BUKKEN,"mid( estimated sales month , 3,2) & mid( estimated sales month , 6,2) as expected sales month 4 digits",intermediate,derived,"mid( estimated sales month , 3,2) & mid( estimated sales month , 6,2) as expected sales month 4 digits","SUBSTR(estimated sales month, 3, 2) || SUBSTR(estimated sales month, 6, 2) as expected sales month 4 digits",-,,
BUKKEN,"left( sales forecast month , 4) as sales forecast actual year",intermediate,derived,"left( sales forecast month , 4) as sales forecast actual year","LEFT(sales forecast month, 4) as sales forecast actual year",-,,
BUKKEN,"if(mid( estimated sales month ,6,2)<4, left( estimated sales month , 4)-1, left( estimated sales month , 4) ) as sales forecast year",intermediate,derived,"if(mid( estimated sales month ,6,2)<4, left( estimated sales month , 4)-1, left( estimated sales month , 4) ) as sales forecast year","CASE WHEN SUBSTR(estimated sales month, 6, 2)<4 THEN LEFT(estimated sales month, 4)-1 ELSE LEFT(estimated sales month, 4) END as sales forecast year",-,,
BUKKEN,"if(mid( sales schedule month ,6,2)>='04' and mid( sales schedule month ,6,2)<='09' ,'A' ,'B' ) as sales forecast half year",intermediate,derived,"if(mid( sales schedule month ,6,2)>='04' and mid( sales schedule month ,6,2)<='09' ,'A' ,'B' ) as sales forecast half year","CASE WHEN SUBSTR(sales schedule month, 6, 2)>='04' and SUBSTR(sales schedule month, 6, 2)<='09' THEN 'A' ELSE 'B' END as sales forecast half year",-,,
BUKKEN,"if(mid( sales schedule month ,6,2)>='04' and mid( sales schedule month ,6,2)<='09' ,if(mid( planned sales month ,6,2)<='06' ,'Q1' ,'Q2' ) ,if(mid( planned sales month ,6,2)>='10' ,'Q3' ,'Q4' ) ) as expected sales quarter",intermediate,derived,"if(mid( sales schedule month ,6,2)>='04' and mid( sales schedule month ,6,2)<='09' ,if(mid( planned sales month ,6,2)<='06' ,'Q1' ,'Q2' ) ,if(mid( planned sales month ,6,2)>='10' ,'Q3' ,'Q4' ) ) as expected sales quarter","CASE WHEN SUBSTR(sales schedule month, 6, 2)>='04' and SUBSTR(sales schedule month, 6, 2)<='09' THEN CASE WHEN SUBSTR(planned sales month, 6, 2)<='06' THEN 'Q1' ELSE 'Q2' END ELSE CASE WHEN SUBSTR(planned sales month, 6, 2)>='10' THEN 'Q3' ELSE 'Q4' END END as expected sales quarter",-,,
BUKKEN,Sales recording date,intermediate,derived,Sales recording date,Sales recording date,-,,
BUKKEN,"left(date( sales recording date ,'YYYY/MM/DD'),7) as sales recording date",intermediate,derived,"left(date( sales recording date ,'YYYY/MM/DD'),7) as sales recording date","LEFT(TO_DATE(sales recording date, 'YYYY/MM/DD'), 7) as sales recording date",-,,
BUKKEN,Sales registration date,intermediate,derived,Sales registration date,Sales registration date,-,,
BUKKEN,Property information registration date,intermediate,derived,Property information registration date,Property information registration date,-,,
BUKKEN,"left ( property information registration date , 7) as property information registration date",intermediate,derived,"left ( property information registration date , 7) as property information registration date","LEFT(property information registration date, 7) as property information registration date",-,,
BUKKEN,Old property NO. Cost injection rate 2,intermediate,derived,Old property NO. Cost injection rate 2,Old property NO. Cost injection rate 2,-,,
BUKKEN,Standard gross profit rate,intermediate,derived,Standard gross profit rate,Standard gross profit rate,-,,
BUKKEN,Main department/section name,intermediate,derived,Main department/section name,Main department/section name,-,,
BUKKEN,Public and private demand classification,intermediate,derived,Public and private demand classification,Public and private demand classification,-,,
BUKKEN,Delivery name,intermediate,derived,Delivery name,Delivery name,-,,
BUKKEN,Prefecture & property location as delivery address,intermediate,derived,Prefecture & property location as delivery address,Prefecture || property location as delivery address,-,,
BUKKEN,Scheduled completion date,intermediate,derived,Scheduled completion date,Scheduled completion date,-,,
BUKKEN,Purchase order acquisition date,intermediate,derived,Purchase order acquisition date,Purchase order acquisition date,-,,
BUKKEN,Date of confirmation,intermediate,derived,Date of confirmation,Date of confirmation,-,,
BUKKEN,Completion date,intermediate,derived,Completion date,Completion date,-,,
BUKKEN,last updated,intermediate,derived,last updated,last updated,-,,
BUKKEN,Delivery date,intermediate,derived,Delivery date,Delivery date,-,,
BUKKEN,Delivery note received date,intermediate,derived,Delivery note received date,Delivery note received date,-,,
BUKKEN,Apply for gross profit rate this time,intermediate,derived,Apply for gross profit rate this time,Apply for gross profit rate this time,-,,
BUKKEN,Apply before changing LP amount,intermediate,derived,Apply before changing LP amount,Apply before changing LP amount,-,,
BUKKEN,NET amount advance application,intermediate,derived,NET amount advance application,NET amount advance application,-,,
BUKKEN,Dependent matter flag,intermediate,derived,Dependent matter flag,Dependent matter flag,-,,
BUKKEN,gross profit amount after breakdown,intermediate,derived,gross profit amount after breakdown,gross profit amount after breakdown,-,,
BUKKEN,NET amount Item after breakdown,intermediate,derived,NET amount Item after breakdown,NET amount Item after breakdown,-,,
BUKKEN,NET amount after breakdown,intermediate,derived,NET amount after breakdown,NET amount after breakdown,-,,
BUKKEN,TOV amount item after breakdown,intermediate,derived,TOV amount item after breakdown,TOV amount item after breakdown,-,,
BUKKEN,TOV amount after breakdown,intermediate,derived,TOV amount after breakdown,TOV amount after breakdown,-,,
BUKKEN,Sequential number for quotation numbering,intermediate,derived,Sequential number for quotation numbering,Sequential number for quotation numbering,-,,
BUKKEN,Last updated by,intermediate,derived,Last updated by,Last updated by,-,,
BUKKEN,Application before gross profit rate change,intermediate,derived,Application before gross profit rate change,Application before gross profit rate change,-,,
BUKKEN,Construction starts,intermediate,derived,Construction starts,Construction starts,-,,
BUKKEN,*,intermediate,constant,*,*,-,,
BUKKEN,"left(BUKKEN.Sales forecast month ,4) as BUKKEN.Sales forecast CY year",intermediate,derived,"left(BUKKEN.Sales forecast month ,4) as BUKKEN.Sales forecast CY year","LEFT(BUKKEN.Sales forecast month, 4) as BUKKEN.Sales forecast CY year",-,,
BUKKEN,"if(mid(BUKKEN.Estimated sales month ,6,2)<='06' ,'A' ,'B' ) as BUKKEN.Sales forecast CY half year",intermediate,derived,"if(mid(BUKKEN.Estimated sales month ,6,2)<='06' ,'A' ,'B' ) as BUKKEN.Sales forecast CY half year","CASE WHEN SUBSTR(BUKKEN.Estimated sales month, 6, 2)<='06' THEN 'A' ELSE 'B' END as BUKKEN.Sales forecast CY half year",-,,
BUKKEN,"if(mid(BUKKEN.Estimated sales month ,6,2)<='03' ,'Q1' ,if(mid(BUKKEN.Estimated sales month ,6,2)<='06' ,'Q2' ,if(mid(BUKKEN.Estimated sales month ,6,2)<='09' ,'Q3' ,'Q4' ) ) ) as BUKKEN.Sales forecast CY quarter ResidentBUKKEN_TMP",intermediate,derived,"if(mid(BUKKEN.Estimated sales month ,6,2)<='03' ,'Q1' ,if(mid(BUKKEN.Estimated sales month ,6,2)<='06' ,'Q2' ,if(mid(BUKKEN.Estimated sales month ,6,2)<='09' ,'Q3' ,'Q4' ) ) ) as BUKKEN.Sales forecast CY quarter ResidentBUKKEN_TMP","CASE WHEN SUBSTR(BUKKEN.Estimated sales month, 6, 2)<='03' THEN 'Q1' ELSE CASE WHEN SUBSTR(BUKKEN.Estimated sales month, 6, 2)<='06' THEN 'Q2' ELSE CASE WHEN SUBSTR(BUKKEN.Estimated sales month, 6, 2)<='09' THEN 'Q3' ELSE 'Q4' END END END as BUKKEN.Sales forecast CY quarter ResidentBUKKEN_TMP",-,,
common__join39,Distinct FD as BUKKEN.FD,intermediate,derived,Distinct FD as BUKKEN.FD,Distinct FD as BUKKEN.FD,-,,
common__join39,Product category name as BUKKEN.Product category name,intermediate,derived,Product category name as BUKKEN.Product category name,Product category name as BUKKEN.Product category name,-,,
common__join39,Product classification name as BUKKEN.Product classification name,intermediate,derived,Product classification name as BUKKEN.Product classification name,Product classification name as BUKKEN.Product classification name,-,,
common__join39,Product subcategory name as BUKKEN.Product subcategory name,intermediate,derived,Product subcategory name as BUKKEN.Product subcategory name,Product subcategory name as BUKKEN.Product subcategory name,-,,
common__join40,"Distinct '20'&left( Year , 2) as BUKKEN.Estimated sales year",intermediate,derived,"Distinct '20'&left( Year , 2) as BUKKEN.Estimated sales year","Distinct '20' || LEFT(Year, 2) as BUKKEN.Estimated sales year",-,,
common__join40,"right( year , 1) as BUKKEN.Sales forecast half year",intermediate,derived,"right( year , 1) as BUKKEN.Sales forecast half year","RIGHT(year, 1) as BUKKEN.Sales forecast half year",-,,
common__join40,Channel code as BUKKEN.Channel code,intermediate,derived,Channel code as BUKKEN.Channel code,Channel code as BUKKEN.Channel code,-,,
common__join40,Channel as BUKKEN. Channel,intermediate,derived,Channel as BUKKEN. Channel,Channel as BUKKEN. Channel,-,,
common__join41,"Distinct '20'&left( Year , 2) as BUKKEN.Estimated sales year",intermediate,derived,"Distinct '20'&left( Year , 2) as BUKKEN.Estimated sales year","Distinct '20' || LEFT(Year, 2) as BUKKEN.Estimated sales year",-,,
common__join41,"right( year , 1) as BUKKEN.Sales forecast half year",intermediate,derived,"right( year , 1) as BUKKEN.Sales forecast half year","RIGHT(year, 1) as BUKKEN.Sales forecast half year",-,,
common__join41,Branch code as BUKKEN.Branch code,intermediate,derived,Branch code as BUKKEN.Branch code,Branch code as BUKKEN.Branch code,-,,
common__join41,Business Department as BUKKEN.Business Department,intermediate,derived,Business Department as BUKKEN.Business Department,Business Department as BUKKEN.Business Department,-,,
common__join41,Branch name as BUKKEN.Branch name,intermediate,derived,Branch name as BUKKEN.Branch name,Branch name as BUKKEN.Branch name,-,,
BUKKEN__join42,Construction engineer name as BUKKEN. Construction engineer name,intermediate,derived,Construction engineer name as BUKKEN. Construction engineer name,Construction engineer name as BUKKEN. Construction engineer name,-,,
BUKKEN__join42,9 as BUKKEN.Construction engineer duplicate candidate ResidentINFO_Target property,intermediate,derived,9 as BUKKEN.Construction engineer duplicate candidate ResidentINFO_Target property,9 as BUKKEN.Construction engineer duplicate candidate ResidentINFO_Target property,-,,
BUKKEN_TMP,Distinct BUKKEN. Property NO as construction property NO,intermediate,derived,Distinct BUKKEN. Property NO as construction property NO,Distinct BUKKEN. Property NO as construction property NO,-,,
BUKKEN__join44,Construction property NO as BUKKEN.Property NO,intermediate,derived,Construction property NO as BUKKEN.Property NO,Construction property NO as BUKKEN.Property NO,-,,
BUKKEN__join44,1 as BUKKEN.Construction overwrap classification ResidentBUKKEN_TMP,intermediate,derived,1 as BUKKEN.Construction overwrap classification ResidentBUKKEN_TMP,1 as BUKKEN.Construction overwrap classification ResidentBUKKEN_TMP,-,,
BUKKEN,dummy,intermediate,constant,'x','x',-,,
BUKKEN,Property No. data partition,intermediate,derived,Property No. data partition,Property No. data partition,-,,
BUKKEN,"if( data classification NO=2, if( actual cost amount >0,'9', data classification NO), Data classification NO. ) as data classification NO",intermediate,derived,"if( data classification NO=2, if( actual cost amount >0,'9', data classification NO), Data classification NO. ) as data classification NO",CASE WHEN data classification NO=2 THEN CASE WHEN actual cost amount >0 THEN '9' ELSE data classification NO END ELSE Data classification NO. END as data classification NO,-,,
BUKKEN,"Replace( matter status ,' ','') as matter status",intermediate,derived,"Replace( matter status ,' ','') as matter status","REPLACE(matter status, ' ', '') as matter status",-,,
BUKKEN,Main contractor/subcontractor classification,intermediate,derived,Main contractor/subcontractor classification,Main contractor/subcontractor classification,-,,
BUKKEN,Industrial waste treatment classification,intermediate,derived,Industrial waste treatment classification,Industrial waste treatment classification,-,,
BUKKEN,"if(JOB classification ORG=' equipment + construction ','0', if(JOB classification ORG=' Construction only ','1','2') ) as JOB classification NO",intermediate,derived,"if(JOB classification ORG=' equipment + construction ','0', if(JOB classification ORG=' Construction only ','1','2') ) as JOB classification NO",CASE WHEN JOB classification ORG=' equipment + construction ' THEN '0' ELSE CASE WHEN JOB classification ORG=' Construction only ' THEN '1' ELSE '2' END END as JOB classification NO,-,,
BUKKEN,"if(JOB classification ORG=' Equipment + Construction ', '0: Equipment + Construction ', if(JOB classification ORG=' Construction only ','1: Construction only ','2: Equipment only ') ) as JOB classification",intermediate,derived,"if(JOB classification ORG=' Equipment + Construction ', '0: Equipment + Construction ', if(JOB classification ORG=' Construction only ','1: Construction only ','2: Equipment only ') ) as JOB classification",CASE WHEN JOB classification ORG=' Equipment + Construction ' THEN '0: Equipment + Construction ' ELSE CASE WHEN JOB classification ORG=' Construction only ' THEN '1: Construction only ' ELSE '2: Equipment only ' END END as JOB classification,-,,
BUKKEN,Property ID,intermediate,derived,Property ID,Property ID,-,,
BUKKEN,Property Name,intermediate,derived,Property Name,Property Name,-,,
BUKKEN,Initial order amount,intermediate,derived,Initial order amount,Initial order amount,-,,
BUKKEN,Initial cost amount,intermediate,derived,Initial cost amount,Initial cost amount,-,,
BUKKEN,Initial gross profit amount,intermediate,derived,Initial gross profit amount,Initial gross profit amount,-,,
BUKKEN,Change order amount,intermediate,derived,Change order amount,Change order amount,-,,
BUKKEN,change cost amount,intermediate,derived,change cost amount,change cost amount,-,,
BUKKEN,Changed gross profit amount,intermediate,derived,Changed gross profit amount,Changed gross profit amount,-,,
BUKKEN,"if( change order amount >0, change order amount , original order amount ) as change order amount 2",intermediate,derived,"if( change order amount >0, change order amount , original order amount ) as change order amount 2",CASE WHEN change order amount >0 THEN change order amount ELSE original order amount END as change order amount 2,-,,
BUKKEN,"if( changed cost amount >0, changed cost amount , original cost amount ) aschanged cost amount2",intermediate,derived,"if( changed cost amount >0, changed cost amount , original cost amount ) aschanged cost amount2",CASE WHEN changed cost amount >0 THEN changed cost amount ELSE original cost amount END aschanged cost amount2,-,,
BUKKEN,"if( changed gross profit amount >0, changed gross profit amount , original gross profit amount ) as changed gross profit amount 2",intermediate,derived,"if( changed gross profit amount >0, changed gross profit amount , original gross profit amount ) as changed gross profit amount 2",CASE WHEN changed gross profit amount >0 THEN changed gross profit amount ELSE original gross profit amount END as changed gross profit amount 2,-,,
BUKKEN,Actual sales amount,intermediate,derived,Actual sales amount,Actual sales amount,-,,
BUKKEN,Actual cost amount,intermediate,derived,Actual cost amount,Actual cost amount,-,,
BUKKEN,Actual sales amount - Actual cost amount as Actual gross profit amount,intermediate,derived,Actual sales amount - Actual cost amount as Actual gross profit amount,Actual sales amount - Actual cost amount as Actual gross profit amount,-,,
BUKKEN,"Actual cost amount /if( changed cost amount > 0, changed cost amount , original cost amount ) as cost injection rate",intermediate,derived,"Actual cost amount /if( changed cost amount > 0, changed cost amount , original cost amount ) as cost injection rate",Actual cost amount /CASE WHEN changed cost amount > 0 THEN changed cost amount ELSE original cost amount END as cost injection rate,-,,
BUKKEN,FD name,intermediate,derived,FD name,FD name,-,,
BUKKEN,FD,intermediate,derived,"left(FD name ,3)","LEFT(FD name, 3)",-,,
BUKKEN,department code,intermediate,derived,department code,department code,-,,
BUKKEN,"left( department code , 2) as branch code",intermediate,derived,"left( department code , 2) as branch code","LEFT(department code, 2) as branch code",-,,
BUKKEN,"mid( department code ,3,1) as channel code",intermediate,derived,"mid( department code ,3,1) as channel code","SUBSTR(department code, 3, 1) as channel code",-,,
BUKKEN,manager,intermediate,direct,manager,manager,-,,
BUKKEN,"if(len(replace(replace( construction engineer name ,' ',''),' ',''))=0, '$(varC_GIJUTSU_NULL)', replace(replace( construction engineer name ,' ',''),' ','') ) as construction engineer name",intermediate,derived,"if(len(replace(replace( construction engineer name ,' ',''),' ',''))=0, '$(varC_GIJUTSU_NULL)', replace(replace( construction engineer name ,' ',''),' ','') ) as construction engineer name","CASE WHEN LENGTH(REPLACE(REPLACE(construction engineer name, ' ', ''), ' ', ''))=0 THEN '$(varC_GIJUTSU_NULL)' ELSE REPLACE(REPLACE(construction engineer name, ' ', ''), ' ', '') END as construction engineer name",-,,
BUKKEN,Scheduled construction start date,intermediate,derived,Scheduled construction start date,Scheduled construction start date,-,,
BUKKEN,Expected completion date,intermediate,derived,Expected completion date,Expected completion date,-,,
BUKKEN,Construction start date,intermediate,derived,Construction start date,Construction start date,-,,
BUKKEN,"if(if( changed order amount >0, changed order amount , original order amount )<35000000, 0, 1 ) as order classification",intermediate,derived,"if(if( changed order amount >0, changed order amount , original order amount )<35000000, 0, 1 ) as order classification",CASE WHEN CASE WHEN changed order amount >0 THEN changed order amount ELSE original order amount END<35000000 THEN 0 ELSE 1 END as order classification,-,,
BUKKEN,Specialty,intermediate,direct,Specialty,Specialty,-,,
BUKKEN,specialty name,intermediate,derived,specialty name,specialty name,-,,
BUKKEN,Expected sales month,intermediate,derived,Expected sales month,Expected sales month,-,,
BUKKEN,"mid( estimated sales month , 3,2) & mid( estimated sales month , 6,2) as expected sales month 4 digits",intermediate,derived,"mid( estimated sales month , 3,2) & mid( estimated sales month , 6,2) as expected sales month 4 digits","SUBSTR(estimated sales month, 3, 2) || SUBSTR(estimated sales month, 6, 2) as expected sales month 4 digits",-,,
BUKKEN,"left( sales forecast month , 4) as sales forecast actual year",intermediate,derived,"left( sales forecast month , 4) as sales forecast actual year","LEFT(sales forecast month, 4) as sales forecast actual year",-,,
BUKKEN,"if(mid( estimated sales month ,6,2)<4, left( estimated sales month , 4)-1, left( estimated sales month , 4) ) as sales forecast year",intermediate,derived,"if(mid( estimated sales month ,6,2)<4, left( estimated sales month , 4)-1, left( estimated sales month , 4) ) as sales forecast year","CASE WHEN SUBSTR(estimated sales month, 6, 2)<4 THEN LEFT(estimated sales month, 4)-1 ELSE LEFT(estimated sales month, 4) END as sales forecast year",-,,
BUKKEN,"if(mid( sales schedule month ,6,2)>='04' and mid( sales schedule month ,6,2)<='09' ,'A' ,'B' ) as sales forecast half year",intermediate,derived,"if(mid( sales schedule month ,6,2)>='04' and mid( sales schedule month ,6,2)<='09' ,'A' ,'B' ) as sales forecast half year","CASE WHEN SUBSTR(sales schedule month, 6, 2)>='04' and SUBSTR(sales schedule month, 6, 2)<='09' THEN 'A' ELSE 'B' END as sales forecast half year",-,,
BUKKEN,"if(mid( sales schedule month ,6,2)>='04' and mid( sales schedule month ,6,2)<='09' ,if(mid( planned sales month ,6,2)<='06' ,'Q1' ,'Q2' ) ,if(mid( planned sales month ,6,2)>='10' ,'Q3' ,'Q4' ) ) as expected sales quarter",intermediate,derived,"if(mid( sales schedule month ,6,2)>='04' and mid( sales schedule month ,6,2)<='09' ,if(mid( planned sales month ,6,2)<='06' ,'Q1' ,'Q2' ) ,if(mid( planned sales month ,6,2)>='10' ,'Q3' ,'Q4' ) ) as expected sales quarter","CASE WHEN SUBSTR(sales schedule month, 6, 2)>='04' and SUBSTR(sales schedule month, 6, 2)<='09' THEN CASE WHEN SUBSTR(planned sales month, 6, 2)<='06' THEN 'Q1' ELSE 'Q2' END ELSE CASE WHEN SUBSTR(planned sales month, 6, 2)>='10' THEN 'Q3' ELSE 'Q4' END END as expected sales quarter",-,,
BUKKEN,Sales recording date,intermediate,derived,Sales recording date,Sales recording date,-,,
BUKKEN,"left(date( sales recording date ,'YYYY/MM/DD'),7) as sales recording date",intermediate,derived,"left(date( sales recording date ,'YYYY/MM/DD'),7) as sales recording date","LEFT(TO_DATE(sales recording date, 'YYYY/MM/DD'), 7) as sales recording date",-,,
BUKKEN,Sales registration date,intermediate,derived,Sales registration date,Sales registration date,-,,
BUKKEN,Property information registration date,intermediate,derived,Property information registration date,Property information registration date,-,,
BUKKEN,"left ( property information registration date , 7) as property information registration date",intermediate,derived,"left ( property information registration date , 7) as property information registration date","LEFT(property information registration date, 7) as property information registration date",-,,
BUKKEN,Old property NO. Cost injection rate 2,intermediate,derived,Old property NO. Cost injection rate 2,Old property NO. Cost injection rate 2,-,,
BUKKEN,Standard gross profit rate,intermediate,derived,Standard gross profit rate,Standard gross profit rate,-,,
BUKKEN,Main department/section name,intermediate,derived,Main department/section name,Main department/section name,-,,
BUKKEN,Public and private demand classification,intermediate,derived,Public and private demand classification,Public and private demand classification,-,,
BUKKEN,Delivery name,intermediate,derived,Delivery name,Delivery name,-,,
BUKKEN,Prefecture & property location as delivery address,intermediate,derived,Prefecture & property location as delivery address,Prefecture || property location as delivery address,-,,
BUKKEN,Scheduled completion date,intermediate,derived,Scheduled completion date,Scheduled completion date,-,,
BUKKEN,Purchase order acquisition date,intermediate,derived,Purchase order acquisition date,Purchase order acquisition date,-,,
BUKKEN,Date of confirmation,intermediate,derived,Date of confirmation,Date of confirmation,-,,
BUKKEN,Completion date,intermediate,derived,Completion date,Completion date,-,,
BUKKEN,last updated,intermediate,derived,last updated,last updated,-,,
BUKKEN,Delivery date,intermediate,derived,Delivery date,Delivery date,-,,
BUKKEN,Delivery note received date,intermediate,derived,Delivery note received date,Delivery note received date,-,,
BUKKEN,Apply for gross profit rate this time,intermediate,derived,Apply for gross profit rate this time,Apply for gross profit rate this time,-,,
BUKKEN,Apply before changing LP amount,intermediate,derived,Apply before changing LP amount,Apply before changing LP amount,-,,
BUKKEN,NET amount advance application,intermediate,derived,NET amount advance application,NET amount advance application,-,,
BUKKEN,Dependent matter flag,intermediate,derived,Dependent matter flag,Dependent matter flag,-,,
BUKKEN,gross profit amount after breakdown,intermediate,derived,gross profit amount after breakdown,gross profit amount after breakdown,-,,
BUKKEN,NET amount Item after breakdown,intermediate,derived,NET amount Item after breakdown,NET amount Item after breakdown,-,,
BUKKEN,NET amount after breakdown,intermediate,derived,NET amount after breakdown,NET amount after breakdown,-,,
BUKKEN,TOV amount item after breakdown,intermediate,derived,TOV amount item after breakdown,TOV amount item after breakdown,-,,
BUKKEN,TOV amount after breakdown,intermediate,derived,TOV amount after breakdown,TOV amount after breakdown,-,,
BUKKEN,Sequential number for quotation numbering,intermediate,derived,Sequential number for quotation numbering,Sequential number for quotation numbering,-,,
BUKKEN,Last updated by,intermediate,derived,Last updated by,Last updated by,-,,
BUKKEN,Application before gross profit rate change,intermediate,derived,Application before gross profit rate change,Application before gross profit rate change,-,,
BUKKEN,Construction starts,intermediate,derived,Construction starts,Construction starts,-,,
BUKKEN,*,intermediate,constant,*,*,-,,
BUKKEN,"left(BUKKEN.Sales forecast month ,4) as BUKKEN.Sales forecast CY year",intermediate,derived,"left(BUKKEN.Sales forecast month ,4) as BUKKEN.Sales forecast CY year","LEFT(BUKKEN.Sales forecast month, 4) as BUKKEN.Sales forecast CY year",-,,
BUKKEN,"if(mid(BUKKEN.Estimated sales month ,6,2)<='06' ,'A' ,'B' ) as BUKKEN.Sales forecast CY half year",intermediate,derived,"if(mid(BUKKEN.Estimated sales month ,6,2)<='06' ,'A' ,'B' ) as BUKKEN.Sales forecast CY half year","CASE WHEN SUBSTR(BUKKEN.Estimated sales month, 6, 2)<='06' THEN 'A' ELSE 'B' END as BUKKEN.Sales forecast CY half year",-,,
BUKKEN,"if(mid(BUKKEN.Estimated sales month ,6,2)<='03' ,'Q1' ,if(mid(BUKKEN.Estimated sales month ,6,2)<='06' ,'Q2' ,if(mid(BUKKEN.Estimated sales month ,6,2)<='09' ,'Q3' ,'Q4' ) ) ) as BUKKEN.Sales forecast CY quarter ResidentBUKKEN_TMP",intermediate,derived,"if(mid(BUKKEN.Estimated sales month ,6,2)<='03' ,'Q1' ,if(mid(BUKKEN.Estimated sales month ,6,2)<='06' ,'Q2' ,if(mid(BUKKEN.Estimated sales month ,6,2)<='09' ,'Q3' ,'Q4' ) ) ) as BUKKEN.Sales forecast CY quarter ResidentBUKKEN_TMP","CASE WHEN SUBSTR(BUKKEN.Estimated sales month, 6, 2)<='03' THEN 'Q1' ELSE CASE WHEN SUBSTR(BUKKEN.Estimated sales month, 6, 2)<='06' THEN 'Q2' ELSE CASE WHEN SUBSTR(BUKKEN.Estimated sales month, 6, 2)<='09' THEN 'Q3' ELSE 'Q4' END END END as BUKKEN.Sales forecast CY quarter ResidentBUKKEN_TMP",-,,
IDO_SOURCE,Date of Occurrence_SOURCE asDate of Occurrence,staging,derived,Date of Occurrence_SOURCE asDate of Occurrence,Date of Occurrence_SOURCE asDate of Occurrence,"ido_source_all.Date, ido_source_all.of, ido_source_all.Occurrence_SOURCE, ido_source_all.asDate, ido_source_all.Occurrence",,
CALT,CDATE,intermediate,direct,CDATE,CDATE,-,,
CALT,CDATE_SEQ,intermediate,constant,RowNo(),/* TODO review */ RowNo(),-,Yes,Function 'RowNo()' requires manual review (no deterministic Snowflake equivalent).
table_48,max(CDATE_SEQ)as MAX_CDATE_SEQ,intermediate,derived,max(CDATE_SEQ)as MAX_CDATE_SEQ,MAX(CDATE_SEQ)as MAX_CDATE_SEQ,-,,
WORKING_DATE_NOW,*,intermediate,constant,*,*,-,,
WORKING_DATE_NOW__join50,"(common Accrual date , 'Peek('CDATE', i-1, 'CALT' )' as working date , $(varN_SEQNo) as working day serial number , Peek('MAX_CDATE_SEQ', -1, 'CALT_TEMP' ) as number of working days in the month , left(date( date of occurrence ,'YYYYMM'),6) as month and year of occurrence Resident IDO_SOURCE where date of occurrence >='Peek('CDATE', i-1, 'CALT' )' and date of occurrence <'AddMonths('$(varC_WorkingMonth)/01',1)",intermediate,derived,"(common Accrual date , 'Peek('CDATE', i-1, 'CALT' )' as working date , $(varN_SEQNo) as working day serial number , Peek('MAX_CDATE_SEQ', -1, 'CALT_TEMP' ) as number of working days in the month , left(date( date of occurrence ,'YYYYMM'),6) as month and year of occurrence Resident IDO_SOURCE where date of occurrence >='Peek('CDATE', i-1, 'CALT' )' and date of occurrence <'AddMonths('$(varC_WorkingMonth)/01',1)'","(common Accrual date , 'LAG(CDATE, i-1) OVER (ORDER BY 1 /* TODO: specify order key */)' as working date , $(varN_SEQNo) as working day serial number , LEAD(MAX_CDATE_SEQ, 1) OVER (ORDER BY 1 /* TODO: specify order key */) as number of working days in the month , LEFT(TO_DATE(date of occurrence, 'YYYYMM'), 6) as month and year of occurrence Resident IDO_SOURCE where date of occurrence >='LAG(CDATE, i-1) OVER (ORDER BY 1 /* TODO: specify order key */)' and date of occurrence <'DATEADD('MONTH', 1, '$(varC_WorkingMonth)/01')'",-,Yes,Peek() converted to LAG() - VALIDATE ORDER BY. QlikView Peek references row position in load order.; Peek() converted to LEAD() - VALIDATE ORDER BY. QlikView Peek references row position in load order.; Peek() converted to LAG() - VALIDATE ORDER BY. QlikView Peek references row position in load order.
WORKING_DATE_NOW__join50__join51,*,staging,constant,*,*,-,,
common__join52,FCT_ID,staging,constant,'TEN','TEN',-,,
common__join52,FCT_year,staging,constant,"'20' & left(SubField(FileLocationName(),'_',2),2)","'20' || LEFT(SPLIT_PART(/* TODO review */ FileLocationName(), '_', 2), 2)",-,Yes,Function 'FileLocationName()' not in mapping - emitted verbatim; verify Snowflake compatibility.
common__join52,FCT_period,staging,constant,"Upper(right(SubField(FileLocationName(),'_',2),1))","UPPER(RIGHT(SPLIT_PART(/* TODO review */ FileLocationName(), '_', 2), 1))",-,Yes,Function 'FileLocationName()' not in mapping - emitted verbatim; verify Snowflake compatibility.
common__join52,FCT_CD,staging,derived,"if(D='VA(Z)','V@',D)",CASE WHEN D='/* TODO review */ VA(Z)' THEN 'V@' ELSE D END,mikomi.D,Yes,Function 'VA()' not in mapping - emitted verbatim; verify Snowflake compatibility.
common__join52,FCT1_1,staging,derived,"if(IsNull(G)=True(),0,G)",CASE WHEN G IS NULL=TRUE THEN 0 ELSE G END,mikomi.G,,
common__join52,FCT2_1,staging,derived,"if(IsNull(H)=True(),0,H)",CASE WHEN H IS NULL=TRUE THEN 0 ELSE H END,mikomi.H,,
common__join52,FCT1_2,staging,derived,"if(IsNull(L)=True(),0,L)",CASE WHEN L IS NULL=TRUE THEN 0 ELSE L END,mikomi.L,,
common__join52,FCT2_2,staging,derived,"if(IsNull(M)=True(),0,M)",CASE WHEN M IS NULL=TRUE THEN 0 ELSE M END,mikomi.M,,
common__join52,FCT1_3,staging,derived,"if(IsNull(Q)=True(),0,Q)",CASE WHEN Q IS NULL=TRUE THEN 0 ELSE Q END,mikomi.Q,,
common__join52,FCT2_3,staging,derived,"if(IsNull(R)=True(),0,R)",CASE WHEN R IS NULL=TRUE THEN 0 ELSE R END,mikomi.R,,
common__join52,FCT1_4,staging,derived,"if(IsNull(V)=True(),0,V)",CASE WHEN V IS NULL=TRUE THEN 0 ELSE V END,mikomi.V,,
common__join52,FCT2_4,staging,derived,"if(IsNull(W)=True(),0,W)",CASE WHEN W IS NULL=TRUE THEN 0 ELSE W END,mikomi.W,,
common__join52,FCT1_5,staging,derived,"if(IsNull(AA)=True(),0,AA)",CASE WHEN AA IS NULL=TRUE THEN 0 ELSE AA END,mikomi.AA,,
common__join52,FCT2_5,staging,derived,"if(IsNull(AB)=True(),0,AB)",CASE WHEN AB IS NULL=TRUE THEN 0 ELSE AB END,mikomi.AB,,
common__join52,FCT1_6,staging,derived,"if(IsNull(AF)=True(),0,AF)",CASE WHEN AF IS NULL=TRUE THEN 0 ELSE AF END,mikomi.AF,,
common__join52,FCT2_6,staging,derived,"if(IsNull(AG)=True(),0,AG)",CASE WHEN AG IS NULL=TRUE THEN 0 ELSE AG END,mikomi.AG,,
common__join53,FCT_ID,staging,constant,'SBU','SBU',-,,
common__join53,FCT_year,staging,constant,"'20' & left(SubField(FileLocationName(),'_',2),2)","'20' || LEFT(SPLIT_PART(/* TODO review */ FileLocationName(), '_', 2), 2)",-,Yes,Function 'FileLocationName()' not in mapping - emitted verbatim; verify Snowflake compatibility.
common__join53,FCT_period,staging,constant,"Upper(right(SubField(FileLocationName(),'_',2),1))","UPPER(RIGHT(SPLIT_PART(/* TODO review */ FileLocationName(), '_', 2), 1))",-,Yes,Function 'FileLocationName()' not in mapping - emitted verbatim; verify Snowflake compatibility.
common__join53,FCT_CD,staging,direct,D,D,mikomi.D,,
common__join53,FCT1_1,staging,derived,"if(IsNull(G)=True(),0,G)",CASE WHEN G IS NULL=TRUE THEN 0 ELSE G END,mikomi.G,,
common__join53,FCT2_1,staging,derived,"if(IsNull(H)=True(),0,H)",CASE WHEN H IS NULL=TRUE THEN 0 ELSE H END,mikomi.H,,
common__join53,FCT1_2,staging,derived,"if(IsNull(L)=True(),0,L)",CASE WHEN L IS NULL=TRUE THEN 0 ELSE L END,mikomi.L,,
common__join53,FCT2_2,staging,derived,"if(IsNull(M)=True(),0,M)",CASE WHEN M IS NULL=TRUE THEN 0 ELSE M END,mikomi.M,,
common__join53,FCT1_3,staging,derived,"if(IsNull(Q)=True(),0,Q)",CASE WHEN Q IS NULL=TRUE THEN 0 ELSE Q END,mikomi.Q,,
common__join53,FCT2_3,staging,derived,"if(IsNull(R)=True(),0,R)",CASE WHEN R IS NULL=TRUE THEN 0 ELSE R END,mikomi.R,,
common__join53,FCT1_4,staging,derived,"if(IsNull(V)=True(),0,V)",CASE WHEN V IS NULL=TRUE THEN 0 ELSE V END,mikomi.V,,
common__join53,FCT2_4,staging,derived,"if(IsNull(W)=True(),0,W)",CASE WHEN W IS NULL=TRUE THEN 0 ELSE W END,mikomi.W,,
common__join53,FCT1_5,staging,derived,"if(IsNull(AA)=True(),0,AA)",CASE WHEN AA IS NULL=TRUE THEN 0 ELSE AA END,mikomi.AA,,
common__join53,FCT2_5,staging,derived,"if(IsNull(AB)=True(),0,AB)",CASE WHEN AB IS NULL=TRUE THEN 0 ELSE AB END,mikomi.AB,,
common__join53,FCT1_6,staging,derived,"if(IsNull(AF)=True(),0,AF)",CASE WHEN AF IS NULL=TRUE THEN 0 ELSE AF END,mikomi.AF,,
common__join53,FCT2_6,staging,derived,"if(IsNull(AG)=True(),0,AG)",CASE WHEN AG IS NULL=TRUE THEN 0 ELSE AG END,mikomi.AG,,
common__join54,FCT_ID,staging,constant,'TOT','TOT',-,,
common__join54,FCT_year,staging,constant,"'20' & left(SubField(FileLocationName(),'_',2),2)","'20' || LEFT(SPLIT_PART(/* TODO review */ FileLocationName(), '_', 2), 2)",-,Yes,Function 'FileLocationName()' not in mapping - emitted verbatim; verify Snowflake compatibility.
common__join54,FCT_period,staging,constant,"Upper(right(SubField(FileLocationName(),'_',2),1))","UPPER(RIGHT(SPLIT_PART(/* TODO review */ FileLocationName(), '_', 2), 1))",-,Yes,Function 'FileLocationName()' not in mapping - emitted verbatim; verify Snowflake compatibility.
common__join54,FCT_CD,staging,direct,D,D,mikomi.D,,
common__join54,FCT1_1,staging,derived,"if(IsNull(G)=True(),0,G)",CASE WHEN G IS NULL=TRUE THEN 0 ELSE G END,mikomi.G,,
common__join54,FCT2_1,staging,derived,"if(IsNull(H)=True(),0,H)",CASE WHEN H IS NULL=TRUE THEN 0 ELSE H END,mikomi.H,,
common__join54,FCT1_2,staging,derived,"if(IsNull(L)=True(),0,L)",CASE WHEN L IS NULL=TRUE THEN 0 ELSE L END,mikomi.L,,
common__join54,FCT2_2,staging,derived,"if(IsNull(M)=True(),0,M)",CASE WHEN M IS NULL=TRUE THEN 0 ELSE M END,mikomi.M,,
common__join54,FCT1_3,staging,derived,"if(IsNull(Q)=True(),0,Q)",CASE WHEN Q IS NULL=TRUE THEN 0 ELSE Q END,mikomi.Q,,
common__join54,FCT2_3,staging,derived,"if(IsNull(R)=True(),0,R)",CASE WHEN R IS NULL=TRUE THEN 0 ELSE R END,mikomi.R,,
common__join54,FCT1_4,staging,derived,"if(IsNull(V)=True(),0,V)",CASE WHEN V IS NULL=TRUE THEN 0 ELSE V END,mikomi.V,,
common__join54,FCT2_4,staging,derived,"if(IsNull(W)=True(),0,W)",CASE WHEN W IS NULL=TRUE THEN 0 ELSE W END,mikomi.W,,
common__join54,FCT1_5,staging,derived,"if(IsNull(AA)=True(),0,AA)",CASE WHEN AA IS NULL=TRUE THEN 0 ELSE AA END,mikomi.AA,,
common__join54,FCT2_5,staging,derived,"if(IsNull(AB)=True(),0,AB)",CASE WHEN AB IS NULL=TRUE THEN 0 ELSE AB END,mikomi.AB,,
common__join54,FCT1_6,staging,derived,"if(IsNull(AF)=True(),0,AF)",CASE WHEN AF IS NULL=TRUE THEN 0 ELSE AF END,mikomi.AF,,
common__join54,FCT2_6,staging,derived,"if(IsNull(AG)=True(),0,AG)",CASE WHEN AG IS NULL=TRUE THEN 0 ELSE AG END,mikomi.AG,,
table_55,(common) FCT_ID,intermediate,derived,(common) FCT_ID,(common) FCT_ID,-,,
table_55,FCT_CD,intermediate,join,FCT_CD,FCT_CD,-,,
table_55,FCT_year,intermediate,join,FCT_year,FCT_year,-,,
table_55,_ FCT_period,intermediate,derived,_ FCT_period,_ FCT_period,-,,
table_55,FCT_month,intermediate,derived,"_ if(FCT_period = 'A',4,10)",_ CASE WHEN FCT_period = 'A' THEN 4 ELSE 10 END,-,,
table_55,"FCT_year & if(FCT_period = 'A','04','10') & FCT_CD as FCT_Year/ Month CD",intermediate,derived,"FCT_year & if(FCT_period = 'A','04','10') & FCT_CD as FCT_Year/ Month CD",FCT_year || CASE WHEN FCT_period = 'A' THEN '04' ELSE '10' END || FCT_CD as FCT_Year/ Month CD,-,,
table_55,FCT1_1 as FCT_ primary estimate,intermediate,derived,FCT1_1 as FCT_ primary estimate,FCT1_1 as FCT_ primary estimate,-,,
table_55,FCT2_1 as FCT_ Secondary estimate,intermediate,derived,FCT2_1 as FCT_ Secondary estimate,FCT2_1 as FCT_ Secondary estimate,-,,
table_55__join56,(common) FCT_ID,intermediate,derived,(common) FCT_ID,(common) FCT_ID,-,,
table_55__join56,FCT_CD,intermediate,direct,FCT_CD,FCT_CD,-,,
table_55__join56,FCT_year,intermediate,direct,FCT_year,FCT_year,-,,
table_55__join56,_ FCT_period,intermediate,derived,_ FCT_period,_ FCT_period,-,,
table_55__join56,FCT_month,intermediate,derived,"_ if(FCT_period = 'A',5,11)",_ CASE WHEN FCT_period = 'A' THEN 5 ELSE 11 END,-,,
table_55__join56,"FCT_year & if(FCT_period = 'A','05','11') & FCT_CD as FCT_Year/ Month CD",intermediate,derived,"FCT_year & if(FCT_period = 'A','05','11') & FCT_CD as FCT_Year/ Month CD",FCT_year || CASE WHEN FCT_period = 'A' THEN '05' ELSE '11' END || FCT_CD as FCT_Year/ Month CD,-,,
table_55__join56,FCT1_2 as FCT_ primary estimate,intermediate,derived,FCT1_2 as FCT_ primary estimate,FCT1_2 as FCT_ primary estimate,-,,
table_55__join56,FCT2_2 as FCT_ Secondary estimate,intermediate,derived,FCT2_2 as FCT_ Secondary estimate,FCT2_2 as FCT_ Secondary estimate,-,,
common__join57,FCT_ID,intermediate,direct,FCT_ID,FCT_ID,-,,
common__join57,FCT_CD,intermediate,direct,FCT_CD,FCT_CD,-,,
common__join57,FCT_year,intermediate,direct,FCT_year,FCT_year,-,,
common__join57,_ FCT_period,intermediate,derived,_ FCT_period,_ FCT_period,-,,
common__join57,FCT_month,intermediate,derived,"_ if(FCT_period = 'A',6,12)",_ CASE WHEN FCT_period = 'A' THEN 6 ELSE 12 END,-,,
common__join57,"FCT_year & if(FCT_period = 'A','06','12') & FCT_CD as FCT_Year/ Month CD",intermediate,derived,"FCT_year & if(FCT_period = 'A','06','12') & FCT_CD as FCT_Year/ Month CD",FCT_year || CASE WHEN FCT_period = 'A' THEN '06' ELSE '12' END || FCT_CD as FCT_Year/ Month CD,-,,
common__join57,FCT1_3 as FCT_ 1st estimate,intermediate,derived,FCT1_3 as FCT_ 1st estimate,FCT1_3 as FCT_ 1st estimate,-,,
common__join57,FCT2_3 as FCT_ Secondary estimate,intermediate,derived,FCT2_3 as FCT_ Secondary estimate,FCT2_3 as FCT_ Secondary estimate,-,,
common__join58,FCT_ID,intermediate,direct,FCT_ID,FCT_ID,-,,
common__join58,FCT_CD,intermediate,direct,FCT_CD,FCT_CD,-,,
common__join58,FCT_year,intermediate,direct,FCT_year,FCT_year,-,,
common__join58,_ FCT_period,intermediate,derived,_ FCT_period,_ FCT_period,-,,
common__join58,FCT_month,intermediate,derived,"_ if(FCT_period = 'A',7,1)",_ CASE WHEN FCT_period = 'A' THEN 7 ELSE 1 END,-,,
common__join58,"FCT_year & if(FCT_period = 'A','07','01') & FCT_CD as FCT_Year/ Month CD",intermediate,derived,"FCT_year & if(FCT_period = 'A','07','01') & FCT_CD as FCT_Year/ Month CD",FCT_year || CASE WHEN FCT_period = 'A' THEN '07' ELSE '01' END || FCT_CD as FCT_Year/ Month CD,-,,
common__join58,FCT1_4 as FCT_ 1st estimate,intermediate,derived,FCT1_4 as FCT_ 1st estimate,FCT1_4 as FCT_ 1st estimate,-,,
common__join58,FCT2_4 as FCT_ Secondary estimate,intermediate,derived,FCT2_4 as FCT_ Secondary estimate,FCT2_4 as FCT_ Secondary estimate,-,,
common__join59,FCT_ID,intermediate,direct,FCT_ID,FCT_ID,-,,
common__join59,FCT_CD,intermediate,direct,FCT_CD,FCT_CD,-,,
common__join59,FCT_year,intermediate,direct,FCT_year,FCT_year,-,,
common__join59,_ FCT_period,intermediate,derived,_ FCT_period,_ FCT_period,-,,
common__join59,FCT_month,intermediate,derived,"_ if(FCT_period = 'A',8,2)",_ CASE WHEN FCT_period = 'A' THEN 8 ELSE 2 END,-,,
common__join59,"FCT_year & if(FCT_period = 'A','08','02') & FCT_CD as FCT_Year/ Month CD",intermediate,derived,"FCT_year & if(FCT_period = 'A','08','02') & FCT_CD as FCT_Year/ Month CD",FCT_year || CASE WHEN FCT_period = 'A' THEN '08' ELSE '02' END || FCT_CD as FCT_Year/ Month CD,-,,
common__join59,FCT1_5 as FCT_ primary estimate,intermediate,derived,FCT1_5 as FCT_ primary estimate,FCT1_5 as FCT_ primary estimate,-,,
common__join59,FCT2_5 as FCT_ Secondary estimate,intermediate,derived,FCT2_5 as FCT_ Secondary estimate,FCT2_5 as FCT_ Secondary estimate,-,,
common__join60,FCT_ID,intermediate,direct,FCT_ID,FCT_ID,-,,
common__join60,FCT_CD,intermediate,direct,FCT_CD,FCT_CD,-,,
common__join60,FCT_year,intermediate,direct,FCT_year,FCT_year,-,,
common__join60,_ FCT_period,intermediate,derived,_ FCT_period,_ FCT_period,-,,
common__join60,FCT_month,intermediate,derived,"_ if(FCT_period = 'A',9,3)",_ CASE WHEN FCT_period = 'A' THEN 9 ELSE 3 END,-,,
common__join60,"FCT_year & if(FCT_period = 'A','09','03') & FCT_CD as FCT_Year/ Month CD",intermediate,derived,"FCT_year & if(FCT_period = 'A','09','03') & FCT_CD as FCT_Year/ Month CD",FCT_year || CASE WHEN FCT_period = 'A' THEN '09' ELSE '03' END || FCT_CD as FCT_Year/ Month CD,-,,
common__join60,FCT1_6 as FCT_ 1st estimate,intermediate,derived,FCT1_6 as FCT_ 1st estimate,FCT1_6 as FCT_ 1st estimate,-,,
common__join60,FCT2_6 as FCT_ Secondary estimate,intermediate,derived,FCT2_6 as FCT_ Secondary estimate,FCT2_6 as FCT_ Secondary estimate,-,,
common__join61,Occurrence date as Occurrence date_ORG,intermediate,derived,Occurrence date as Occurrence date_ORG,Occurrence date as Occurrence date_ORG,-,,
common__join61,Working day serial number as working day serial number,intermediate,derived,Working day serial number as working day serial number,Working day serial number as working day serial number,-,,
common__join61,Working day as occurrence date,intermediate,derived,Working day as occurrence date,Working day as occurrence date,-,,
KADOU_NISUU_TEMP,Distinct year and month asYear Month 2,intermediate,derived,Distinct year and month asYear Month 2,Distinct year and month asYear Month 2,-,,
KADOU_NISUU_TEMP,Accrual date asoccurrence date 2,intermediate,derived,Accrual date asoccurrence date 2,Accrual date asoccurrence date 2,-,,
KADOU_NISUU_TEMP,Distinct year and month asYear Month 2,intermediate,derived,Distinct year and month asYear Month 2,Distinct year and month asYear Month 2,-,,
KADOU_NISUU_TEMP,Accrual date asoccurrence date 2,intermediate,derived,Accrual date asoccurrence date 2,Accrual date asoccurrence date 2,-,,
table_63,Max( occurrence date 2) as maximum occurrence date,intermediate,derived,Max( occurrence date 2) as maximum occurrence date,MAX(occurrence date 2) as maximum occurrence date,-,,
KADOU_NISUU_TEMP__join64,"left(CDATE,4)&'-'&mid(CDATE,6,2)as year month 2",intermediate,derived,"left(CDATE,4)&'-'&mid(CDATE,6,2)as year month 2","LEFT(CDATE, 4) || '-' || SUBSTR(CDATE, 6, 2)as year month 2",-,,
KADOU_NISUU_TEMP__join64,CDATE as occurrence date 2,intermediate,derived,CDATE as occurrence date 2,CDATE as occurrence date 2,-,,
KADOU_NISUU_TEMP2,year month 2 as year month,intermediate,derived,year month 2 as year month,year month 2 as year month,-,,
KADOU_NISUU_TEMP2,Count ( occurrence date 2) as number of working days,intermediate,aggregate,Count ( occurrence date 2) as number of working days,COUNT(occurrence date 2) as number of working days,-,,
KADOU_NISUU_TEMP2,year month 2 as year month,intermediate,derived,year month 2 as year month,year month 2 as year month,-,,
KADOU_NISUU_TEMP2,Count ( occurrence date 2) as number of working days,intermediate,aggregate,Count ( occurrence date 2) as number of working days,COUNT(occurrence date 2) as number of working days,-,,
table_66,classification,intermediate,direct,classification,classification,-,,
table_66,FD,intermediate,direct,FD,FD,-,,
table_66,Purchase classification code,intermediate,derived,Purchase classification code,Purchase classification code,-,,
table_66,branch code,intermediate,derived,branch code,branch code,-,,
table_66,department code,intermediate,derived,department code,department code,-,,
table_66,channel code,intermediate,derived,channel code,channel code,-,,
table_66,management,intermediate,direct,management,management,-,,
table_66,Product category name,intermediate,derived,Product category name,Product category name,-,,
table_66,Product classification name,intermediate,derived,Product classification name,Product classification name,-,,
table_66,FD major classification order,intermediate,derived,FD major classification order,FD major classification order,-,,
table_66,FD medium classification order,intermediate,derived,FD medium classification order,FD medium classification order,-,,
table_66,year,intermediate,direct,year,year,-,,
table_66,year and month,intermediate,derived,year and month,year and month,-,,
table_66,period,intermediate,direct,period,period,-,,
table_66,quarter,intermediate,direct,quarter,quarter,-,,
table_66,Month,intermediate,direct,Month,Month,-,,
table_66,budget number,intermediate,derived,budget number,budget number,-,,
table_66,budget,intermediate,direct,budget,budget,-,,
common__join67,year and month,intermediate,derived,year and month,year and month,-,,
common__join67,Number of working days,intermediate,derived,Number of working days,Number of working days,-,,
BUD_LOAD_WRAP,classification,intermediate,direct,classification,classification,yosan_number_of_units_including_construction.classification,,
BUD_LOAD_WRAP,FD,intermediate,direct,FD,FD,yosan_number_of_units_including_construction.FD,,
BUD_LOAD_WRAP,Purchase classification code,intermediate,derived,Purchase classification code,Purchase classification code,yosan_number_of_units_including_construction.Purchase classification code,,
BUD_LOAD_WRAP,year,intermediate,direct,year,year,yosan_number_of_units_including_construction.year,,
BUD_LOAD_WRAP,year and month,intermediate,derived,year and month,year and month,"yosan_number_of_units_including_construction.year, yosan_number_of_units_including_construction.Month",,
BUD_LOAD_WRAP,period,intermediate,direct,period,period,yosan_number_of_units_including_construction.period,,
BUD_LOAD_WRAP,quarter,intermediate,direct,quarter,quarter,yosan_number_of_units_including_construction.quarter,,
BUD_LOAD_WRAP,Month,intermediate,direct,Month,Month,yosan_number_of_units_including_construction.Month,,
BUD_LOAD_WRAP,branch code,intermediate,derived,branch code,branch code,yosan_number_of_units_including_construction.branch code,,
BUD_LOAD_WRAP,department code,intermediate,derived,department code,department code,yosan_number_of_units_including_construction.department code,,
BUD_LOAD_WRAP,channel code,intermediate,derived,channel code,channel code,yosan_number_of_units_including_construction.channel code,,
BUD_LOAD_WRAP,management,intermediate,direct,management,management,yosan_number_of_units_including_construction.management,,
BUD_LOAD_WRAP,Product category name,intermediate,derived,Product category name,Product category name,"yosan_number_of_units_including_construction.Product, yosan_number_of_units_including_construction.category, yosan_number_of_units_including_construction.name",,
BUD_LOAD_WRAP,Product classification name,intermediate,derived,Product classification name,Product classification name,"yosan_number_of_units_including_construction.Product, yosan_number_of_units_including_construction.classification, yosan_number_of_units_including_construction.name",,
BUD_LOAD_WRAP,FD major classification order,intermediate,derived,FD major classification order,FD major classification order,yosan_number_of_units_including_construction.FD major classification order,,
BUD_LOAD_WRAP,FD medium classification order,intermediate,derived,FD medium classification order,FD medium classification order,yosan_number_of_units_including_construction.FD medium classification order,,
BUD_LOAD_WRAP,budget number,intermediate,derived,budget number,budget number,"yosan_number_of_units_including_construction.budget, yosan_number_of_units_including_construction.number",,
BUD_LOAD_WRAP,budget,intermediate,direct,budget,budget,yosan_number_of_units_including_construction.budget,,
BUD_LOAD_WRAP,Budget number / working days as standard wrap number,intermediate,derived,Budget number / working days as standard wrap number,Budget number / working days as standard wrap number,yosan_number_of_units_including_construction.Budget number / working days 	as standard wrap number,,
BUD_LOAD_WRAP,Budget / working days as standard wrap amount,intermediate,derived,Budget / working days as standard wrap amount,Budget / working days as standard wrap amount,yosan_number_of_units_including_construction.Budget / working days 		as standard wrap amount,,
BUD_LOAD_WRAP,classification,intermediate,direct,classification,classification,yosan_number_of_units_including_construction.classification,,
BUD_LOAD_WRAP,FD,intermediate,direct,FD,FD,yosan_number_of_units_including_construction.FD,,
BUD_LOAD_WRAP,year,intermediate,direct,year,year,yosan_number_of_units_including_construction.year,,
BUD_LOAD_WRAP,year and month,intermediate,derived,year and month,year and month,"yosan_number_of_units_including_construction.year, yosan_number_of_units_including_construction.Month",,
BUD_LOAD_WRAP,period,intermediate,direct,period,period,yosan_number_of_units_including_construction.period,,
BUD_LOAD_WRAP,quarter,intermediate,direct,quarter,quarter,yosan_number_of_units_including_construction.quarter,,
BUD_LOAD_WRAP,Month,intermediate,direct,Month,Month,yosan_number_of_units_including_construction.Month,,
BUD_LOAD_WRAP,Product category name,intermediate,derived,Product category name,Product category name,"yosan_number_of_units_including_construction.Product, yosan_number_of_units_including_construction.category, yosan_number_of_units_including_construction.name",,
BUD_LOAD_WRAP,Product classification name,intermediate,derived,Product classification name,Product classification name,"yosan_number_of_units_including_construction.Product, yosan_number_of_units_including_construction.classification, yosan_number_of_units_including_construction.name",,
BUD_LOAD_WRAP,budget number,intermediate,derived,budget number,budget number,"yosan_number_of_units_including_construction.budget, yosan_number_of_units_including_construction.number",,
BUD_LOAD_WRAP,Budget number / working days as standard number of wraps,intermediate,derived,Budget number / working days as standard number of wraps,Budget number / working days as standard number of wraps,"yosan_number_of_units_including_construction.Budget, yosan_number_of_units_including_construction.number, yosan_number_of_units_including_construction.working, yosan_number_of_units_including_construction.days, yosan_number_of_units_including_construction.standard, yosan_number_of_units_including_construction.of, yosan_number_of_units_including_construction.wraps",,
ACT_LOAD_WRAP_TEMP__join69,classification,intermediate,direct,classification,classification,yosan_number_of_units_including_construction.classification,,
ACT_LOAD_WRAP_TEMP__join69,FD,intermediate,direct,FD,FD,yosan_number_of_units_including_construction.FD,,
ACT_LOAD_WRAP_TEMP__join69,Purchase classification code,intermediate,derived,Purchase classification code,Purchase classification code,"yosan_number_of_units_including_construction.Purchase, yosan_number_of_units_including_construction.classification, yosan_number_of_units_including_construction.code",,
ACT_LOAD_WRAP_TEMP__join69,Accrual date,intermediate,derived,Accrual date,Accrual date,"yosan_number_of_units_including_construction.Accrual, yosan_number_of_units_including_construction.date",,
ACT_LOAD_WRAP_TEMP__join69,year,intermediate,direct,year,year,yosan_number_of_units_including_construction.year,,
ACT_LOAD_WRAP_TEMP__join69,year and month,intermediate,derived,year and month,year and month,"yosan_number_of_units_including_construction.year, yosan_number_of_units_including_construction.Month",,
ACT_LOAD_WRAP_TEMP__join69,period,intermediate,direct,period,period,yosan_number_of_units_including_construction.period,,
ACT_LOAD_WRAP_TEMP__join69,quarter,intermediate,direct,quarter,quarter,yosan_number_of_units_including_construction.quarter,,
ACT_LOAD_WRAP_TEMP__join69,Month,intermediate,direct,Month,Month,yosan_number_of_units_including_construction.Month,,
ACT_LOAD_WRAP_TEMP__join69,branch code,intermediate,derived,branch code,branch code,"yosan_number_of_units_including_construction.branch, yosan_number_of_units_including_construction.code",,
ACT_LOAD_WRAP_TEMP__join69,department code,intermediate,derived,department code,department code,"yosan_number_of_units_including_construction.department, yosan_number_of_units_including_construction.code",,
ACT_LOAD_WRAP_TEMP__join69,channel code,intermediate,derived,channel code,channel code,"yosan_number_of_units_including_construction.channel, yosan_number_of_units_including_construction.code",,
ACT_LOAD_WRAP_TEMP__join69,management,intermediate,direct,management,management,yosan_number_of_units_including_construction.management,,
ACT_LOAD_WRAP_TEMP__join69,Product category name,intermediate,derived,Product category name,Product category name,"yosan_number_of_units_including_construction.Product, yosan_number_of_units_including_construction.category, yosan_number_of_units_including_construction.name",,
ACT_LOAD_WRAP_TEMP__join69,Product classification name,intermediate,derived,Product classification name,Product classification name,"yosan_number_of_units_including_construction.Product, yosan_number_of_units_including_construction.classification, yosan_number_of_units_including_construction.name",,
ACT_LOAD_WRAP_TEMP__join69,FD major classification order,intermediate,derived,FD major classification order,FD major classification order,"yosan_number_of_units_including_construction.FD, yosan_number_of_units_including_construction.major, yosan_number_of_units_including_construction.classification",,
ACT_LOAD_WRAP_TEMP__join69,FD medium classification order,intermediate,derived,FD medium classification order,FD medium classification order,"yosan_number_of_units_including_construction.FD, yosan_number_of_units_including_construction.medium, yosan_number_of_units_including_construction.classification",,
ACT_LOAD_WRAP_TEMP__join69,budget number,intermediate,derived,budget number,budget number,"yosan_number_of_units_including_construction.budget, yosan_number_of_units_including_construction.number",,
ACT_LOAD_WRAP_TEMP__join69,budget,intermediate,direct,budget,budget,yosan_number_of_units_including_construction.budget,,
ACT_LOAD_WRAP_TEMP__join69,standard number of wraps,intermediate,derived,standard number of wraps,standard number of wraps,"yosan_number_of_units_including_construction.standard, yosan_number_of_units_including_construction.number, yosan_number_of_units_including_construction.of, yosan_number_of_units_including_construction.wraps",,
ACT_LOAD_WRAP_TEMP__join69,Standard wrap amount,intermediate,derived,Standard wrap amount,Standard wrap amount,"yosan_number_of_units_including_construction.Standard, yosan_number_of_units_including_construction.wrap, yosan_number_of_units_including_construction.amount",,
ACT_LOAD_WRAP,classification as category 2,intermediate,derived,classification as category 2,classification as category 2,-,,
ACT_LOAD_WRAP,Accrual date as occurrence date 2,intermediate,derived,Accrual date as occurrence date 2,Accrual date as occurrence date 2,-,,
ACT_LOAD_WRAP,year as year 2,intermediate,direct,year as year 2,year as year 2,-,,
ACT_LOAD_WRAP,year and month as Year Month 2,intermediate,derived,year and month as Year Month 2,year and month as Year Month 2,-,,
ACT_LOAD_WRAP,term as period 2,intermediate,derived,term as period 2,term as period 2,-,,
ACT_LOAD_WRAP,quarter as quarter 2,intermediate,direct,quarter as quarter 2,quarter as quarter 2,-,,
ACT_LOAD_WRAP,Month as month 2,intermediate,derived,Month as month 2,Month as month 2,-,,
ACT_LOAD_WRAP,Year & Year Month & Period & Quarter & Month as Consolidation Key 4,intermediate,derived,Year & Year Month & Period & Quarter & Month as Consolidation Key 4,Year || Year Month || Period || Quarter || Month as Consolidation Key 4,-,,
ACT_LOAD_WRAP,Year & term & department code as concatenation key 5,intermediate,derived,Year & term & department code as concatenation key 5,Year || term || department code as concatenation key 5,-,,
ACT_LOAD_WRAP,FD2,intermediate,direct,FD,FD,-,,
ACT_LOAD_WRAP,Purchase classification code as Purchase classification code 2,intermediate,derived,Purchase classification code as Purchase classification code 2,Purchase classification code as Purchase classification code 2,-,,
ACT_LOAD_WRAP,Product category name as Product classification name 2,intermediate,derived,Product category name as Product classification name 2,Product category name as Product classification name 2,-,,
ACT_LOAD_WRAP,Product classification name as Product classification name 2,intermediate,derived,Product classification name as Product classification name 2,Product classification name as Product classification name 2,-,,
ACT_LOAD_WRAP,FD major classification order as FD major classification order 2,intermediate,derived,FD major classification order as FD major classification order 2,FD major classification order as FD major classification order 2,-,,
ACT_LOAD_WRAP,FD medium classification order as FD medium classification order 2,intermediate,derived,FD medium classification order as FD medium classification order 2,FD medium classification order as FD medium classification order 2,-,,
ACT_LOAD_WRAP,Branch code as branch code 2,intermediate,derived,Branch code as branch code 2,Branch code as branch code 2,-,,
ACT_LOAD_WRAP,Department code as department code 2,intermediate,derived,Department code as department code 2,Department code as department code 2,-,,
ACT_LOAD_WRAP,channel code as channel code 2,intermediate,derived,channel code as channel code 2,channel code as channel code 2,-,,
ACT_LOAD_WRAP,"Year &num( month ,'00') & branch code as year month branch code 2",intermediate,derived,"Year &num( month ,'00') & branch code as year month branch code 2",Year || TO_NUMBER(month) || branch code as year month branch code 2,-,Yes,Function 'num()' received 2 args but mapping uses 1 - extra arguments dropped; review.
ACT_LOAD_WRAP,"Year &num( month ,'00') & channel code as year month channel code 2",intermediate,derived,"Year &num( month ,'00') & channel code as year month channel code 2",Year || TO_NUMBER(month) || channel code as year month channel code 2,-,Yes,Function 'num()' received 2 args but mapping uses 1 - extra arguments dropped; review.
ACT_LOAD_WRAP,"if(len( purchase classification code )>0, Year & num( month ,'00') & Purchase classification code , Null() ) as year month purchase classification 2",intermediate,derived,"if(len( purchase classification code )>0, Year & num( month ,'00') & Purchase classification code , Null() ) as year month purchase classification 2",CASE WHEN LENGTH(purchase classification code)>0 THEN Year || TO_NUMBER(month) || Purchase classification code ELSE NULL END as year month purchase classification 2,-,Yes,Function 'num()' received 2 args but mapping uses 1 - extra arguments dropped; review.
ACT_LOAD_WRAP,management as management 2,intermediate,direct,management as management 2,management as management 2,-,,
ACT_LOAD_WRAP,Number of units as unit count 2,intermediate,derived,Number of units as unit count 2,Number of units as unit count 2,-,,
ACT_LOAD_WRAP,Actual as actual 2,intermediate,derived,Actual as actual 2,Actual as actual 2,-,,
ACT_LOAD_WRAP,Budget number as budget number 2,intermediate,derived,Budget number as budget number 2,Budget number as budget number 2,-,,
ACT_LOAD_WRAP,budget2,intermediate,direct,budget,budget,-,,
ACT_LOAD_WRAP,cost2,intermediate,derived,_ cost price,_ cost price,-,,
ACT_LOAD_WRAP,_ Information NO as Information NO2,intermediate,derived,_ Information NO as Information NO2,_ Information NO as Information NO2,-,,
ACT_LOAD_WRAP,standard number of wraps,intermediate,derived,standard number of wraps,standard number of wraps,-,,
ACT_LOAD_WRAP,Standard wrap amount,intermediate,derived,Standard wrap amount,Standard wrap amount,-,,
ACT_LOAD_WRAP,"Left( year, month , 4) as CY year 2",intermediate,derived,"Left( year, month , 4) as CY year 2","LEFT(year, month) as CY year 2",-,Yes,Function 'Left()' received 3 args but mapping uses 2 - extra arguments dropped; review.
ACT_LOAD_WRAP,"if(Right( year/month ,2)<='06' ,'A' ,'B' ) as CY period 2",intermediate,derived,"if(Right( year/month ,2)<='06' ,'A' ,'B' ) as CY period 2","CASE WHEN RIGHT(year/month, 2)<='06' THEN 'A' ELSE 'B' END as CY period 2",-,,
ACT_LOAD_WRAP,"if(Right( year/month ,2)<='03' ,'Q1' ,if(Right( year/month ,2)<='06' ,'Q2' ,if(Right( year/month ,2)<='09' ,'Q3' ,'Q4' ) ) ) as CY quarter 2",intermediate,derived,"if(Right( year/month ,2)<='03' ,'Q1' ,if(Right( year/month ,2)<='06' ,'Q2' ,if(Right( year/month ,2)<='09' ,'Q3' ,'Q4' ) ) ) as CY quarter 2","CASE WHEN RIGHT(year/month, 2)<='03' THEN 'Q1' ELSE CASE WHEN RIGHT(year/month, 2)<='06' THEN 'Q2' ELSE CASE WHEN RIGHT(year/month, 2)<='09' THEN 'Q3' ELSE 'Q4' END END END as CY quarter 2",-,,
ACT_LOAD_WRAP,dummy,intermediate,constant,'','',-,,
ACT_LOAD_WRAP__join71,"20'&left( year ,2) asyear2",intermediate,derived,"'20'&left( year ,2) asyear2","'20' || LEFT(year, 2) asyear2",-,,
ACT_LOAD_WRAP__join71,"right( year , 1) as period 2",intermediate,derived,"right( year , 1) as period 2","RIGHT(year, 1) as period 2",-,,
ACT_LOAD_WRAP__join71,channel code as channel code 2,intermediate,derived,channel code as channel code 2,channel code as channel code 2,-,,
ACT_LOAD_WRAP__join71,channel as channel 2,intermediate,direct,channel as channel 2,channel as channel 2,-,,
ACT_LOAD_WRAP__join71,Channel code SORT as Channel code SORT2,intermediate,derived,Channel code SORT as Channel code SORT2,Channel code SORT as Channel code SORT2,-,,
ACT_LOAD_WRAP__join72,year2,intermediate,derived,"'20'&left( year ,2)","'20' || LEFT(year, 2)",-,,
ACT_LOAD_WRAP__join72,"right( year , 1) as period 2",intermediate,derived,"right( year , 1) as period 2","RIGHT(year, 1) as period 2",-,,
ACT_LOAD_WRAP__join72,Business department as business department 2,intermediate,derived,Business department as business department 2,Business department as business department 2,-,,
ACT_LOAD_WRAP__join72,Branch code as branch code 2,intermediate,derived,Branch code as branch code 2,Branch code as branch code 2,-,,
ACT_LOAD_WRAP__join72,Branch name as branch name2,intermediate,derived,Branch name as branch name2,Branch name as branch name2,-,,
ACT_LOAD_WRAP__join72,Branch name SORT as Branch name SORT2,intermediate,derived,Branch name SORT as Branch name SORT2,Branch name SORT as Branch name SORT2,-,,
ACT_LOAD_WRAP__join73,*,staging,constant,*,*,-,,
MASTER_FD3,Distinct Management product classification as management 2,staging,derived,Distinct Management product classification as management 2,Distinct Management product classification as management 2,"unknown_source.Management, unknown_source.product, unknown_source.classification, unknown_source.management",,
MASTER_FD3,Amount Wrap Management Product as Amount Wrap Management Product 2,staging,derived,Amount Wrap Management Product as Amount Wrap Management Product 2,Amount Wrap Management Product as Amount Wrap Management Product 2,"unknown_source.Amount, unknown_source.Wrap, unknown_source.Management, unknown_source.Product",,
MASTER_FD3,Quantity wrap management product as Quantity wrap management product 2,staging,derived,Quantity wrap management product as Quantity wrap management product 2,Quantity wrap management product as Quantity wrap management product 2,"unknown_source.Quantity, unknown_source.wrap, unknown_source.management, unknown_source.product",,
KADOU_NISUU_TEMP,Distinct year and month asYear Month 2,intermediate,derived,Distinct year and month asYear Month 2,Distinct year and month asYear Month 2,-,,
KADOU_NISUU_TEMP,Accrual date asoccurrence date 2,intermediate,derived,Accrual date asoccurrence date 2,Accrual date asoccurrence date 2,-,,
KADOU_NISUU_TEMP,Distinct year and month asYear Month 2,intermediate,derived,Distinct year and month asYear Month 2,Distinct year and month asYear Month 2,-,,
KADOU_NISUU_TEMP,Accrual date asoccurrence date 2,intermediate,derived,Accrual date asoccurrence date 2,Accrual date asoccurrence date 2,-,,
ACT_MAXDATE,Max( occurrence date 2) as maximum occurrence date,intermediate,derived,Max( occurrence date 2) as maximum occurrence date,MAX(occurrence date 2) as maximum occurrence date,-,,
ACT_MAXDATE,Max( date of occurrence ) as maximum date of occurrence,intermediate,derived,Max( date of occurrence ) as maximum date of occurrence,MAX(date of occurrence) as maximum date of occurrence,-,,
ACT_MAXDATE,year as maximum year,intermediate,derived,year as maximum year,year as maximum year,-,,
ACT_MAXDATE,period as maximum period,intermediate,derived,period as maximum period,period as maximum period,-,,
KADOU_NISUU_TEMP__join77,"left(CDATE,4)&'-'&mid(CDATE,6,2)as year month 2",intermediate,derived,"left(CDATE,4)&'-'&mid(CDATE,6,2)as year month 2","LEFT(CDATE, 4) || '-' || SUBSTR(CDATE, 6, 2)as year month 2",-,,
KADOU_NISUU_TEMP__join77,CDATE as occurrence date 2,intermediate,derived,CDATE as occurrence date 2,CDATE as occurrence date 2,-,,
KADOU_NISUU_TEMP2,year month 2 as year month,intermediate,derived,year month 2 as year month,year month 2 as year month,-,,
KADOU_NISUU_TEMP2,Count ( occurrence date 2) as number of working days,intermediate,aggregate,Count ( occurrence date 2) as number of working days,COUNT(occurrence date 2) as number of working days,-,,
KADOU_NISUU_TEMP2,year month 2 as year month,intermediate,derived,year month 2 as year month,year month 2 as year month,-,,
KADOU_NISUU_TEMP2,Count ( occurrence date 2) as number of working days,intermediate,aggregate,Count ( occurrence date 2) as number of working days,COUNT(occurrence date 2) as number of working days,-,,
BUD_LOAD_WRAP_TEMP,classification,staging,direct,classification,classification,yosan_number_of_units_including_construction.classification,,
BUD_LOAD_WRAP_TEMP,FD,staging,direct,FD,FD,yosan_number_of_units_including_construction.FD,,
BUD_LOAD_WRAP_TEMP,Product category name,staging,derived,Product category name,Product category name,"yosan_number_of_units_including_construction.Product, yosan_number_of_units_including_construction.category, yosan_number_of_units_including_construction.name",,
BUD_LOAD_WRAP_TEMP,Product classification name,staging,derived,Product classification name,Product classification name,"yosan_number_of_units_including_construction.Product, yosan_number_of_units_including_construction.classification, yosan_number_of_units_including_construction.name",,
BUD_LOAD_WRAP_TEMP,year,staging,direct,year,year,yosan_number_of_units_including_construction.year,,
BUD_LOAD_WRAP_TEMP,year and month,staging,derived,year and month,year and month,"yosan_number_of_units_including_construction.year, yosan_number_of_units_including_construction.month",,
BUD_LOAD_WRAP_TEMP,period,staging,direct,period,period,yosan_number_of_units_including_construction.period,,
BUD_LOAD_WRAP_TEMP,quarter,staging,direct,quarter,quarter,yosan_number_of_units_including_construction.quarter,,
BUD_LOAD_WRAP_TEMP,Month,staging,direct,Month,Month,yosan_number_of_units_including_construction.Month,,
BUD_LOAD_WRAP_TEMP,Budget number,staging,derived,Budget number,Budget number,"yosan_number_of_units_including_construction.Budget, yosan_number_of_units_including_construction.number",,
common__join80,year and month,intermediate,derived,year and month,year and month,-,,
common__join80,Number of working days,intermediate,derived,Number of working days,Number of working days,-,,
BUD_LOAD_WRAP,classification,intermediate,direct,classification,classification,yosan_number_of_units_including_construction.classification,,
BUD_LOAD_WRAP,FD,intermediate,direct,FD,FD,yosan_number_of_units_including_construction.FD,,
BUD_LOAD_WRAP,Purchase classification code,intermediate,derived,Purchase classification code,Purchase classification code,yosan_number_of_units_including_construction.Purchase classification code,,
BUD_LOAD_WRAP,year,intermediate,direct,year,year,yosan_number_of_units_including_construction.year,,
BUD_LOAD_WRAP,year and month,intermediate,derived,year and month,year and month,"yosan_number_of_units_including_construction.year, yosan_number_of_units_including_construction.Month",,
BUD_LOAD_WRAP,period,intermediate,direct,period,period,yosan_number_of_units_including_construction.period,,
BUD_LOAD_WRAP,quarter,intermediate,direct,quarter,quarter,yosan_number_of_units_including_construction.quarter,,
BUD_LOAD_WRAP,Month,intermediate,direct,Month,Month,yosan_number_of_units_including_construction.Month,,
BUD_LOAD_WRAP,branch code,intermediate,derived,branch code,branch code,yosan_number_of_units_including_construction.branch code,,
BUD_LOAD_WRAP,department code,intermediate,derived,department code,department code,yosan_number_of_units_including_construction.department code,,
BUD_LOAD_WRAP,channel code,intermediate,derived,channel code,channel code,yosan_number_of_units_including_construction.channel code,,
BUD_LOAD_WRAP,management,intermediate,direct,management,management,yosan_number_of_units_including_construction.management,,
BUD_LOAD_WRAP,Product category name,intermediate,derived,Product category name,Product category name,"yosan_number_of_units_including_construction.Product, yosan_number_of_units_including_construction.category, yosan_number_of_units_including_construction.name",,
BUD_LOAD_WRAP,Product classification name,intermediate,derived,Product classification name,Product classification name,"yosan_number_of_units_including_construction.Product, yosan_number_of_units_including_construction.classification, yosan_number_of_units_including_construction.name",,
BUD_LOAD_WRAP,FD major classification order,intermediate,derived,FD major classification order,FD major classification order,yosan_number_of_units_including_construction.FD major classification order,,
BUD_LOAD_WRAP,FD medium classification order,intermediate,derived,FD medium classification order,FD medium classification order,yosan_number_of_units_including_construction.FD medium classification order,,
BUD_LOAD_WRAP,budget number,intermediate,derived,budget number,budget number,"yosan_number_of_units_including_construction.budget, yosan_number_of_units_including_construction.number",,
BUD_LOAD_WRAP,budget,intermediate,direct,budget,budget,yosan_number_of_units_including_construction.budget,,
BUD_LOAD_WRAP,Budget number / working days as standard wrap number,intermediate,derived,Budget number / working days as standard wrap number,Budget number / working days as standard wrap number,yosan_number_of_units_including_construction.Budget number / working days 	as standard wrap number,,
BUD_LOAD_WRAP,Budget / working days as standard wrap amount,intermediate,derived,Budget / working days as standard wrap amount,Budget / working days as standard wrap amount,yosan_number_of_units_including_construction.Budget / working days 		as standard wrap amount,,
BUD_LOAD_WRAP,classification,intermediate,direct,classification,classification,yosan_number_of_units_including_construction.classification,,
BUD_LOAD_WRAP,FD,intermediate,direct,FD,FD,yosan_number_of_units_including_construction.FD,,
BUD_LOAD_WRAP,year,intermediate,direct,year,year,yosan_number_of_units_including_construction.year,,
BUD_LOAD_WRAP,year and month,intermediate,derived,year and month,year and month,"yosan_number_of_units_including_construction.year, yosan_number_of_units_including_construction.Month",,
BUD_LOAD_WRAP,period,intermediate,direct,period,period,yosan_number_of_units_including_construction.period,,
BUD_LOAD_WRAP,quarter,intermediate,direct,quarter,quarter,yosan_number_of_units_including_construction.quarter,,
BUD_LOAD_WRAP,Month,intermediate,direct,Month,Month,yosan_number_of_units_including_construction.Month,,
BUD_LOAD_WRAP,Product category name,intermediate,derived,Product category name,Product category name,"yosan_number_of_units_including_construction.Product, yosan_number_of_units_including_construction.category, yosan_number_of_units_including_construction.name",,
BUD_LOAD_WRAP,Product classification name,intermediate,derived,Product classification name,Product classification name,"yosan_number_of_units_including_construction.Product, yosan_number_of_units_including_construction.classification, yosan_number_of_units_including_construction.name",,
BUD_LOAD_WRAP,budget number,intermediate,derived,budget number,budget number,"yosan_number_of_units_including_construction.budget, yosan_number_of_units_including_construction.number",,
BUD_LOAD_WRAP,Budget number / working days as standard number of wraps,intermediate,derived,Budget number / working days as standard number of wraps,Budget number / working days as standard number of wraps,"yosan_number_of_units_including_construction.Budget, yosan_number_of_units_including_construction.number, yosan_number_of_units_including_construction.working, yosan_number_of_units_including_construction.days, yosan_number_of_units_including_construction.standard, yosan_number_of_units_including_construction.of, yosan_number_of_units_including_construction.wraps",,
ACT_LOAD_WRAP4,classification as category 4,intermediate,derived,classification as category 4,classification as category 4,-,,
ACT_LOAD_WRAP4,Accrual date as occurrence date 4,intermediate,derived,Accrual date as occurrence date 4,Accrual date as occurrence date 4,-,,
ACT_LOAD_WRAP4,Working day serial number as working day serial number 4,intermediate,derived,Working day serial number as working day serial number 4,Working day serial number as working day serial number 4,-,,
ACT_LOAD_WRAP4,year as year 4,intermediate,direct,year as year 4,year as year 4,-,,
ACT_LOAD_WRAP4,year and month as Year Month 4,intermediate,derived,year and month as Year Month 4,year and month as Year Month 4,-,,
ACT_LOAD_WRAP4,term as period 4,intermediate,derived,term as period 4,term as period 4,-,,
ACT_LOAD_WRAP4,quarter as quarter 4,intermediate,direct,quarter as quarter 4,quarter as quarter 4,-,,
ACT_LOAD_WRAP4,Month as month 4,intermediate,derived,Month as month 4,Month as month 4,-,,
ACT_LOAD_WRAP4,Year & Month & Period & Quarter & Month as concatenated key 4,intermediate,derived,Year & Month & Period & Quarter & Month as concatenated key 4,Year || Month || Period || Quarter || Month as concatenated key 4,-,,
ACT_LOAD_WRAP4,FD4,intermediate,direct,FD,FD,-,,
ACT_LOAD_WRAP4,Product category name as Product classification name 4,intermediate,derived,Product category name as Product classification name 4,Product category name as Product classification name 4,-,,
ACT_LOAD_WRAP4,Product classification name as Product classification name 4,intermediate,derived,Product classification name as Product classification name 4,Product classification name as Product classification name 4,-,,
ACT_LOAD_WRAP4,"Match( product category name , ' custom ', ' multi ', ' air conditioner ', 'ESTIA') As Product category name order 4",intermediate,derived,"Match( product category name , ' custom ', ' multi ', ' air conditioner ', 'ESTIA') As Product category name order 4",CASE WHEN product category name = ' custom ' THEN 1 WHEN product category name = ' multi ' THEN 2 WHEN product category name = ' air conditioner ' THEN 3 WHEN product category name = 'ESTIA' THEN 4 ELSE 0 END As Product category name order 4,-,,
ACT_LOAD_WRAP4,Total number of bodies as Number of bodies 4,intermediate,derived,Total number of bodies as Number of bodies 4,Total number of bodies as Number of bodies 4,-,,
ACT_LOAD_WRAP4,Budget number as budget number4,intermediate,derived,Budget number as budget number4,Budget number as budget number4,-,,
ACT_LOAD_WRAP4,Standard number of wraps as standard number of wraps 4,intermediate,derived,Standard number of wraps as standard number of wraps 4,Standard number of wraps as standard number of wraps 4,-,,
ACT_LOAD_WRAP4,dummy,intermediate,constant,'','',-,,
ACT_LOAD_A,Product code as Product code_LA,intermediate,derived,Product code as Product code_LA,Product code as Product code_LA,-,,
ACT_LOAD_A,Product name as Product name_LA,intermediate,derived,Product name as Product name_LA,Product name as Product name_LA,-,,
ACT_LOAD_A,occurrence_LA,intermediate,derived,Accrual date,Accrual date,-,,
ACT_LOAD_A,_ year and month as Year / Month_LA,intermediate,derived,_ year and month as Year / Month_LA,_ year and month as Year / Month_LA,-,,
ACT_LOAD_A,channel code as channel code_LA,intermediate,derived,channel code as channel code_LA,channel code as channel code_LA,-,,
ACT_LOAD_A,Branch code as branch code_LA,intermediate,derived,Branch code as branch code_LA,Branch code as branch code_LA,-,,
ACT_LOAD_A,Special_LA,intermediate,derived,good at,good at,-,,
ACT_LOAD_A,specialty name as Special name_LA,intermediate,derived,specialty name as Special name_LA,specialty name as Special name_LA,-,,
ACT_LOAD_A,NET unit price as NET unit price_LA,intermediate,derived,NET unit price as NET unit price_LA,NET unit price as NET unit price_LA,-,,
ACT_LOAD_A,Sales_LA,intermediate,derived,Number of sales,Number of sales,-,,
ACT_LOAD_A,_ Number of units as number of units_LA ResidentACT_LOAD whereC_NO='01,intermediate,derived,_ Number of units as number of units_LA ResidentACT_LOAD whereC_NO='01',_ Number of units as number of units_LA ResidentACT_LOAD whereC_NO='01',-,,
ACT_LOAD_B,Product code_LA as Product code_LB,intermediate,derived,Product code_LA as Product code_LB,Product code_LA as Product code_LB,-,,
ACT_LOAD_B,Product name_LA as Product name_LB,intermediate,derived,Product name_LA as Product name_LB,Product name_LA as Product name_LB,-,,
ACT_LOAD_B,Occurrence date_LA as Occurrence date_LB,intermediate,derived,Occurrence date_LA as Occurrence date_LB,Occurrence date_LA as Occurrence date_LB,-,,
ACT_LOAD_B,Year / month_LA as year /month_LB,intermediate,derived,Year / month_LA as year /month_LB,Year / month_LA as year /month_LB,-,,
ACT_LOAD_B,Channel code_LA as channel code_LB,intermediate,derived,Channel code_LA as channel code_LB,Channel code_LA as channel code_LB,-,,
ACT_LOAD_B,Branch code_LA as Branch code_LB,intermediate,derived,Branch code_LA as Branch code_LB,Branch code_LA as Branch code_LB,-,,
ACT_LOAD_B,Specialty_LB,intermediate,direct,Specialty_LA,Specialty_LA,-,,
ACT_LOAD_B,Specialty name_LA as Specialty name_LB,intermediate,derived,Specialty name_LA as Specialty name_LB,Specialty name_LA as Specialty name_LB,-,,
ACT_LOAD_B,NET unit price_LA as NET unit price_LB,intermediate,derived,NET unit price_LA as NET unit price_LB,NET unit price_LA as NET unit price_LB,-,,
ACT_LOAD_B,NET unit price monthly average value_LA as NET unit price monthly average value_LB,intermediate,derived,NET unit price monthly average value_LA as NET unit price monthly average value_LB,NET unit price monthly average value_LA as NET unit price monthly average value_LB,-,,
ACT_LOAD_B,Number of sales_LA as number of sales_LB,intermediate,derived,Number of sales_LA as number of sales_LB,Number of sales_LA as number of sales_LB,-,,
ACT_LOAD_B,Number of bodies_LA as Number of bodies_LB ResidentACT_LOAD_A WHERE NET unit price_LA < NET unit price monthly average value_LA * 2 and NET unit price_LA > NET unit price monthly average value_LA / 2,intermediate,derived,Number of bodies_LA as Number of bodies_LB ResidentACT_LOAD_A WHERE NET unit price_LA < NET unit price monthly average value_LA * 2 and NET unit price_LA > NET unit price monthly average value_LA / 2,Number of bodies_LA as Number of bodies_LB ResidentACT_LOAD_A WHERE NET unit price_LA < NET unit price monthly average value_LA * 2 and NET unit price_LA > NET unit price monthly average value_LA / 2,-,,
ACT_YM_NET_B,Product code_LB as Product code_YB,intermediate,derived,Product code_LB as Product code_YB,Product code_LB as Product code_YB,-,,
ACT_YM_NET_B,Year /Month_LB as Year /Month_YB,intermediate,derived,Year /Month_LB as Year /Month_YB,Year /Month_LB as Year /Month_YB,-,,
ACT_YM_NET_B,avg(NET unit price_LB ) as NET unit price monthly average value_YB ResidentACT_LOAD_B WHERE IsNull( product code_LB ) = 0 group by product code_LB,intermediate,derived,avg(NET unit price_LB ) as NET unit price monthly average value_YB ResidentACT_LOAD_B WHERE IsNull( product code_LB ) = 0 group by product code_LB,AVG(NET unit price_LB) as NET unit price monthly average value_YB ResidentACT_LOAD_B WHERE product code_LB IS NULL = 0 group by product code_LB,-,,
ACT_YM_NET_B,year/ month_LB,intermediate,derived,year/ month_LB,year/ month_LB,-,,
ACT_LOAD__join86,Product code_LB as product code,intermediate,derived,Product code_LB as product code,Product code_LB as product code,-,,
ACT_LOAD__join86,Year and month_YB as year and month,intermediate,derived,Year and month_YB as year and month,Year and month_YB as year and month,-,,
ACT_LOAD__join86,NET unit price monthly average value_LB as NET unit price monthly average value,intermediate,derived,NET unit price monthly average value_LB as NET unit price monthly average value,NET unit price monthly average value_LB as NET unit price monthly average value,-,,
ACT_LOAD_C,Product code asProduct code_LC,intermediate,derived,Product code asProduct code_LC,Product code asProduct code_LC,-,,
ACT_LOAD_C,Product name asProduct name_LC,intermediate,derived,Product name asProduct name_LC,Product name asProduct name_LC,-,,
ACT_LOAD_C,Accrual date asoccurrence date_LC,intermediate,derived,Accrual date asoccurrence date_LC,Accrual date asoccurrence date_LC,-,,
ACT_LOAD_C,year and month asYear / Month_LC,intermediate,derived,year and month asYear / Month_LC,year and month asYear / Month_LC,-,,
ACT_LOAD_C,channel code aschannel code_LC,intermediate,derived,channel code aschannel code_LC,channel code aschannel code_LC,-,,
ACT_LOAD_C,Branch code asbranch code_LC,intermediate,derived,Branch code asbranch code_LC,Branch code asbranch code_LC,-,,
ACT_LOAD_C,Specialty_LC,intermediate,direct,Speciality,Speciality,-,,
ACT_LOAD_C,specialty name as specialty name_LC,intermediate,derived,specialty name as specialty name_LC,specialty name as specialty name_LC,-,,
ACT_LOAD_C,NET unit price as NET unit price_LC,intermediate,derived,NET unit price as NET unit price_LC,NET unit price as NET unit price_LC,-,,
ACT_LOAD_C,NET unit price monthly average value as NET unit price monthly average value_LC,intermediate,derived,NET unit price monthly average value as NET unit price monthly average value_LC,NET unit price monthly average value as NET unit price monthly average value_LC,-,,
ACT_LOAD_C,Sales_LC,intermediate,derived,Number of sales,Number of sales,-,,
ACT_LOAD_C,_ Number of units as Unit count_LC _ ResidentACT_LOAD WHERE NET unit price < Monthly average NET unit price * 2 and NET unit price > NET unit price monthly average value /2 and C_NO='01,intermediate,derived,_ Number of units as Unit count_LC _ ResidentACT_LOAD WHERE NET unit price < Monthly average NET unit price * 2 and NET unit price > NET unit price monthly average value /2 and C_NO='01',_ Number of units as Unit count_LC _ ResidentACT_LOAD WHERE NET unit price < Monthly average NET unit price * 2 and NET unit price > NET unit price monthly average value /2 and C_NO='01',-,,
ACT_YM_NET_C,Product code_LC as Product code_YC,intermediate,derived,Product code_LC as Product code_YC,Product code_LC as Product code_YC,-,,
ACT_YM_NET_C,Product name_LC as Product name_YC,intermediate,derived,Product name_LC as Product name_YC,Product name_LC as Product name_YC,-,,
ACT_YM_NET_C,Channel code_LC as channel code_YC,intermediate,derived,Channel code_LC as channel code_YC,Channel code_LC as channel code_YC,-,,
ACT_YM_NET_C,Branch code_LC as Branch code_YC,intermediate,derived,Branch code_LC as Branch code_YC,Branch code_LC as Branch code_YC,-,,
ACT_YM_NET_C,Specialty_YC,intermediate,direct,Specialty_LC,Specialty_LC,-,,
ACT_YM_NET_C,Specialty name_LC as Specialty name_YC,intermediate,derived,Specialty name_LC as Specialty name_YC,Specialty name_LC as Specialty name_YC,-,,
ACT_YM_NET_C,Year /Month_LC as Year /Month_YC,intermediate,derived,Year /Month_LC as Year /Month_YC,Year /Month_LC as Year /Month_YC,-,,
ACT_YM_NET_C,max(NET unit price_LC ) as NET unit price monthly maximum value_YC,intermediate,derived,max(NET unit price_LC ) as NET unit price monthly maximum value_YC,MAX(NET unit price_LC) as NET unit price monthly maximum value_YC,-,,
ACT_YM_NET_C,min(NET unit price_LC ) as NET unit price monthly minimum value_YC ResidentACT_LOAD_C WHERE IsNull( product code_LC ) = 0 group by product code_LC,intermediate,derived,min(NET unit price_LC ) as NET unit price monthly minimum value_YC ResidentACT_LOAD_C WHERE IsNull( product code_LC ) = 0 group by product code_LC,MIN(NET unit price_LC) as NET unit price monthly minimum value_YC ResidentACT_LOAD_C WHERE product code_LC IS NULL = 0 group by product code_LC,-,,
ACT_YM_NET_C,Product name_LC,intermediate,derived,Product name_LC,Product name_LC,-,,
ACT_YM_NET_C,Channel code_LC,intermediate,derived,Channel code_LC,Channel code_LC,-,,
ACT_YM_NET_C,Branch code_LC,intermediate,derived,Branch code_LC,Branch code_LC,-,,
ACT_YM_NET_C,Specialty_LC,intermediate,direct,Specialty_LC,Specialty_LC,-,,
ACT_YM_NET_C,Specialty name_LC,intermediate,derived,Specialty name_LC,Specialty name_LC,-,,
ACT_YM_NET_C,Year / Month_LC,intermediate,derived,Year / Month_LC,Year / Month_LC,-,,
ACT_LOAD_E,distinct Product code_LC as Product code_LE,intermediate,derived,distinct Product code_LC as Product code_LE,distinct Product code_LC as Product code_LE,-,,
ACT_LOAD_E,Product name_LC asProduct name_LE,intermediate,derived,Product name_LC asProduct name_LE,Product name_LC asProduct name_LE,-,,
ACT_LOAD_E,Occurrence date_LC as Occurrence date_LE,intermediate,derived,Occurrence date_LC as Occurrence date_LE,Occurrence date_LC as Occurrence date_LE,-,,
ACT_LOAD_E,Year /Month_LC as Year /Month_LE,intermediate,derived,Year /Month_LC as Year /Month_LE,Year /Month_LC as Year /Month_LE,-,,
ACT_LOAD_E,Channel code_LC as channel code_LE,intermediate,derived,Channel code_LC as channel code_LE,Channel code_LC as channel code_LE,-,,
ACT_LOAD_E,Branch code_LC as Branch code_LE,intermediate,derived,Branch code_LC as Branch code_LE,Branch code_LC as Branch code_LE,-,,
ACT_LOAD_E,Specialty_LE,intermediate,direct,Specialty_LC,Specialty_LC,-,,
ACT_LOAD_E,Specialty name_LC as Specialty name_LE,intermediate,derived,Specialty name_LC as Specialty name_LE,Specialty name_LC as Specialty name_LE,-,,
ACT_LOAD_E,NET unit price_LC as NET unit price_LE,intermediate,derived,NET unit price_LC as NET unit price_LE,NET unit price_LC as NET unit price_LE,-,,
ACT_LOAD_E,NET unit price_LC as NET unit price normal_LE,intermediate,derived,NET unit price_LC as NET unit price normal_LE,NET unit price_LC as NET unit price normal_LE,-,,
ACT_LOAD_E,1 as normal value flag_LE ResidentACT_LOAD_C WHERE IsNull( product code_LC ) = 0 and IsNull( product name_LC) = 0 and IsNull( occurrence date_LC) = 0 and IsNull( Year /Month_LC) = 0 and IsNull( channel code_LC ) = 0 and IsNull( branch code_LC) = 0 and IsNull( Good_LC ) = 0 and IsNull(NET unit price_LC ) = 0,intermediate,derived,1 as normal value flag_LE ResidentACT_LOAD_C WHERE IsNull( product code_LC ) = 0 and IsNull( product name_LC) = 0 and IsNull( occurrence date_LC) = 0 and IsNull( Year /Month_LC) = 0 and IsNull( channel code_LC ) = 0 and IsNull( branch code_LC) = 0 and IsNull( Good_LC ) = 0 and IsNull(NET unit price_LC ) = 0,1 as normal value flag_LE ResidentACT_LOAD_C WHERE product code_LC IS NULL = 0 and product name_LC IS NULL = 0 and occurrence date_LC IS NULL = 0 and Year /Month_LC IS NULL = 0 and channel code_LC IS NULL = 0 and branch code_LC IS NULL = 0 and Good_LC IS NULL = 0 and NET unit price_LC IS NULL = 0,-,,
table_90,Product code as Product code_LD,intermediate,derived,Product code as Product code_LD,Product code as Product code_LD,-,,
table_90,Product name as Product name_LD,intermediate,derived,Product name as Product name_LD,Product name as Product name_LD,-,,
table_90,channel code as channel code_LD,intermediate,derived,channel code as channel code_LD,channel code as channel code_LD,-,,
table_90,Branch code as Branch code_LD,intermediate,derived,Branch code as Branch code_LD,Branch code as Branch code_LD,-,,
table_90,Specialty_LD,intermediate,direct,Specialty,Specialty,-,,
table_90,Specialty name as Specialty name_LD,intermediate,derived,Specialty name as Specialty name_LD,Specialty name as Specialty name_LD,-,,
table_90,Occurrence date as Occurrence date_LD,intermediate,derived,Occurrence date as Occurrence date_LD,Occurrence date as Occurrence date_LD,-,,
table_90,year/month as year /month_LD,intermediate,derived,year/month as year /month_LD,year/month as year /month_LD,-,,
table_90,NET unit price as NET unit price_LD,intermediate,derived,NET unit price as NET unit price_LD,NET unit price as NET unit price_LD,-,,
table_90,NET unit price * number of units as NET amount_LD,intermediate,derived,NET unit price * number of units as NET amount_LD,NET unit price * number of units as NET amount_LD,-,,
table_90,Number of sales as Number of sales_LD,intermediate,derived,Number of sales as Number of sales_LD,Number of sales as Number of sales_LD,-,,
table_90,Number of bodies as Number of bodies_LD ResidentACT_LOAD where C_NO='01,intermediate,derived,Number of bodies as Number of bodies_LD ResidentACT_LOAD where C_NO='01',Number of bodies as Number of bodies_LD ResidentACT_LOAD where C_NO='01',-,,
ACT_YM_NET_D,Product code_LD as Product code_YD,intermediate,derived,Product code_LD as Product code_YD,Product code_LD as Product code_YD,-,,
ACT_YM_NET_D,Product name_LD as Product name_YD,intermediate,derived,Product name_LD as Product name_YD,Product name_LD as Product name_YD,-,,
ACT_YM_NET_D,Channel code_LD as channel code_YD,intermediate,derived,Channel code_LD as channel code_YD,Channel code_LD as channel code_YD,-,,
ACT_YM_NET_D,Branch code_LD as Branch code_YD,intermediate,derived,Branch code_LD as Branch code_YD,Branch code_LD as Branch code_YD,-,,
ACT_YM_NET_D,Specialty_YD,intermediate,direct,Specialty_LD,Specialty_LD,-,,
ACT_YM_NET_D,Specialty name_LD as Specialty name_YD,intermediate,derived,Specialty name_LD as Specialty name_YD,Specialty name_LD as Specialty name_YD,-,,
ACT_YM_NET_D,Year /Month_LD as Year /Month_YD,intermediate,derived,Year /Month_LD as Year /Month_YD,Year /Month_LD as Year /Month_YD,-,,
ACT_YM_NET_D,sum( number of units_LD) as total number of units per month_YD,intermediate,derived,sum( number of units_LD) as total number of units per month_YD,SUM(number of units_LD) as total number of units per month_YD,-,,
ACT_YM_NET_D,sum(NET amount_LD ) as NET amount monthly total_YD ResidentACT_LOAD_D WHERE IsNull( product code_LD ) = 0 group by product code_LD,intermediate,derived,sum(NET amount_LD ) as NET amount monthly total_YD ResidentACT_LOAD_D WHERE IsNull( product code_LD ) = 0 group by product code_LD,SUM(NET amount_LD) as NET amount monthly total_YD ResidentACT_LOAD_D WHERE product code_LD IS NULL = 0 group by product code_LD,-,,
ACT_YM_NET_D,Product name_LD,intermediate,derived,Product name_LD,Product name_LD,-,,
ACT_YM_NET_D,Channel code_LD,intermediate,derived,Channel code_LD,Channel code_LD,-,,
ACT_YM_NET_D,Branch code_LD,intermediate,derived,Branch code_LD,Branch code_LD,-,,
ACT_YM_NET_D,Specialty_LD,intermediate,direct,Specialty_LD,Specialty_LD,-,,
ACT_YM_NET_D,Specialty name_LD,intermediate,derived,Specialty name_LD,Specialty name_LD,-,,
ACT_YM_NET_D,Year / month_LD,intermediate,derived,Year / month_LD,Year / month_LD,-,,
table_92,Year /Month_YD & Channel code_YD & Branch code_YD & Specialty_YD & Specialty name_YD & Product code_YD & Product name_YD as concatenated key,intermediate,derived,Year /Month_YD & Channel code_YD & Branch code_YD & Specialty_YD & Specialty name_YD & Product code_YD & Product name_YD as concatenated key,Year /Month_YD || Channel code_YD || Branch code_YD || Specialty_YD || Specialty name_YD || Product code_YD || Product name_YD as concatenated key,-,,
table_92,Channel code_YD as channel code 3,intermediate,derived,Channel code_YD as channel code 3,Channel code_YD as channel code 3,-,,
table_92,Branch code_YD as branch code 3,intermediate,derived,Branch code_YD as branch code 3,Branch code_YD as branch code 3,-,,
table_92,Specialty_YD as Specialty 3,intermediate,derived,Specialty_YD as Specialty 3,Specialty_YD as Specialty 3,-,,
table_92,Specialty name_YD as Specialty name 3,intermediate,derived,Specialty name_YD as Specialty name 3,Specialty name_YD as Specialty name 3,-,,
table_92,Product code_YD as Product code 3,intermediate,derived,Product code_YD as Product code 3,Product code_YD as Product code 3,-,,
table_92,Product name_YD as Product name 3,intermediate,derived,Product name_YD as Product name 3,Product name_YD as Product name 3,-,,
table_92,Year /Month_YD as Year/Month 3,intermediate,derived,Year /Month_YD as Year/Month 3,Year /Month_YD as Year/Month 3,-,,
table_92,NET unit price monthly maximum value_YD as NET unit price monthly maximum value 3,intermediate,derived,NET unit price monthly maximum value_YD as NET unit price monthly maximum value 3,NET unit price monthly maximum value_YD as NET unit price monthly maximum value 3,-,,
table_92,NET unit price monthly minimum value_YD as NET unit price monthly minimum value 3,intermediate,derived,NET unit price monthly minimum value_YD as NET unit price monthly minimum value 3,NET unit price monthly minimum value_YD as NET unit price monthly minimum value 3,-,,
table_92,NET unit price monthly average value_YD as NET unit price monthly average value 3,intermediate,derived,NET unit price monthly average value_YD as NET unit price monthly average value 3,NET unit price monthly average value_YD as NET unit price monthly average value 3,-,,
table_92,Total number of months for the main unit_YD as Total number of months for the main unit 3,intermediate,derived,Total number of months for the main unit_YD as Total number of months for the main unit 3,Total number of months for the main unit_YD as Total number of months for the main unit 3,-,,
table_92,NET amount monthly total_YD as NET amount monthly total 3 ResidentACT_YM_NET_D,intermediate,derived,NET amount monthly total_YD as NET amount monthly total 3 ResidentACT_YM_NET_D,NET amount monthly total_YD as NET amount monthly total 3 ResidentACT_YM_NET_D,-,,
table_93,*,intermediate,constant,*,*,-,,
table_93,& Month Channel code & Branch code & Specialty & Specialty name & Product code & Product name as concatenated key,intermediate,derived,& Month Channel code & Branch code & Specialty & Specialty name & Product code & Product name as concatenated key,|| Month Channel code || Branch code || Specialty || Specialty name || Product code || Product name as concatenated key,-,,
ACT_MAXDATE,Max( occurrence date 2) as maximum occurrence date,intermediate,derived,Max( occurrence date 2) as maximum occurrence date,MAX(occurrence date 2) as maximum occurrence date,-,,
ACT_MAXDATE,Max( date of occurrence ) as maximum date of occurrence,intermediate,derived,Max( date of occurrence ) as maximum date of occurrence,MAX(date of occurrence) as maximum date of occurrence,-,,
ACT_MAXDATE,year as maximum year,intermediate,derived,year as maximum year,year as maximum year,-,,
ACT_MAXDATE,period as maximum period,intermediate,derived,period as maximum period,period as maximum period,-,,
ACT_MAXDATE,Max( occurrence date 2) as maximum occurrence date,intermediate,derived,Max( occurrence date 2) as maximum occurrence date,MAX(occurrence date 2) as maximum occurrence date,-,,
ACT_MAXDATE,Max( date of occurrence ) as maximum date of occurrence,intermediate,derived,Max( date of occurrence ) as maximum date of occurrence,MAX(date of occurrence) as maximum date of occurrence,-,,
ACT_MAXDATE,year as maximum year,intermediate,derived,year as maximum year,year as maximum year,-,,
ACT_MAXDATE,period as maximum period,intermediate,derived,period as maximum period,period as maximum period,-,,
table_96,Summary items,intermediate,derived,Summary items,Summary items,-,,
table_96,With total,intermediate,derived,With total,With total,-,,
table_97,*,staging,constant,*,*,-,,
table_98,Numerical item,intermediate,derived,Numerical item,Numerical item,-,,
table_99,Summary item as total item,intermediate,derived,Summary item as total item,Summary item as total item,-,,
table_100,Distinct 'BUKKEN'&BUKKEN.Property NO as product name,intermediate,derived,Distinct 'BUKKEN'&BUKKEN.Property NO as product name,Distinct 'BUKKEN' || BUKKEN.Property NO as product name,-,,
table_100,BUKKEN.JOB classification as JOB classification,intermediate,derived,BUKKEN.JOB classification as JOB classification,BUKKEN.JOB classification as JOB classification,-,,
table_101,Distinct warehouse,intermediate,direct,Distinct warehouse,Distinct warehouse,-,,
table_101,"ord(mid( warehouse ,1,1))*65536+ord(mid( warehouse ,2,1))*256+ord(mid( warehouse ,3,1)) aswarehouse sort order",intermediate,derived,"ord(mid( warehouse ,1,1))*65536+ord(mid( warehouse ,2,1))*256+ord(mid( warehouse ,3,1)) aswarehouse sort order","ASCII(SUBSTR(warehouse, 1, 1))*65536+ASCII(SUBSTR(warehouse, 2, 1))*256+ASCII(SUBSTR(warehouse, 3, 1)) aswarehouse sort order",-,,
table_102,Distinct management,intermediate,direct,Distinct management,Distinct management,-,,
table_102,"ord(mid( admin ,1,1))*65536+ord(mid( admin ,2,1))*256+ord(mid( admin ,3,1)) asadmin sort order",intermediate,derived,"ord(mid( admin ,1,1))*65536+ord(mid( admin ,2,1))*256+ord(mid( admin ,3,1)) asadmin sort order","ASCII(SUBSTR(admin, 1, 1))*65536+ASCII(SUBSTR(admin, 2, 1))*256+ASCII(SUBSTR(admin, 3, 1)) asadmin sort order",-,,
table_103,Distinct FD,intermediate,direct,Distinct FD,Distinct FD,-,,
table_103,"ord(mid(FD,1,1))*65536+ord(mid(FD,2,1))*256+ord(mid(FD,3,1))as FD sort order",intermediate,derived,"ord(mid(FD,1,1))*65536+ord(mid(FD,2,1))*256+ord(mid(FD,3,1))as FD sort order","ASCII(SUBSTR(FD, 1, 1))*65536+ASCII(SUBSTR(FD, 2, 1))*256+ASCII(SUBSTR(FD, 3, 1))as FD sort order",-,,
table_104,Distinct 'ORG'& department code as new division KEY,intermediate,derived,Distinct 'ORG'& department code as new division KEY,Distinct 'ORG' || department code as new division KEY,-,,
table_104,Business Division AS New Division Candidate,intermediate,derived,Business Division AS New Division Candidate,Business Division AS New Division Candidate,-,,
table_105,Distinct '20190401'& department code as new division KEY,staging,derived,Distinct '20190401'& department code as new division KEY,Distinct '20190401' || department code as new division KEY,"section.department, section.code, section.new, section.division, section.KEY",,
table_105,(FS division/section) ' as new business department,staging,derived,' (FS division/section) ' as new business department,' (FS division/section) ' as new business department,"section.new, section.business, section.department",,
table_106,New division KEY,intermediate,derived,New division KEY,New division KEY,-,,
table_106,New division,intermediate,derived,New division,New division,-,,
table_107,New division KEY,intermediate,derived,New division KEY,New division KEY,-,,
table_107,New division candidate as new division,intermediate,derived,New division candidate as new division,New division candidate as new division,-,,
table_108,"Add ""New Division KEY "" to ACT_LOAD RENAME table ACT_LOAD to ACT_LOAD_TEMP",intermediate,derived,"Add ""New Division KEY "" to ACT_LOAD RENAME table ACT_LOAD to ACT_LOAD_TEMP","Add ""New Division KEY "" to ACT_LOAD RENAME table ACT_LOAD to ACT_LOAD_TEMP",-,,
table_109,*,intermediate,constant,*,*,-,,
table_109,"if(len( department code )=4 and left( department code ,1)='V' and date of occurrence < '2019/04/01' ,'ORG'& department code ,if(len( department code )=4 and left( department code ,1)='V' and date of occurrence >='2019/04/01' and date of occurrence < '2022/04/01' ,'20190401'& department code ,if(len( department code )=4 and left( department code ,1)='V' and date of occurrence >='2022/04/01' ,'20220401'& department code ,'' ) ) ) as new division KEY ResidentACT_LOAD_TEMP",intermediate,derived,"if(len( department code )=4 and left( department code ,1)='V' and date of occurrence < '2019/04/01' ,'ORG'& department code ,if(len( department code )=4 and left( department code ,1)='V' and date of occurrence >='2019/04/01' and date of occurrence < '2022/04/01' ,'20190401'& department code ,if(len( department code )=4 and left( department code ,1)='V' and date of occurrence >='2022/04/01' ,'20220401'& department code ,'' ) ) ) as new division KEY ResidentACT_LOAD_TEMP","CASE WHEN LENGTH(department code)=4 and LEFT(department code, 1)='V' and date of occurrence < '2019/04/01' THEN 'ORG' || department code ELSE CASE WHEN LENGTH(department code)=4 and LEFT(department code, 1)='V' and date of occurrence >='2019/04/01' and date of occurrence < '2022/04/01' THEN '20190401' || department code ELSE CASE WHEN LENGTH(department code)=4 and LEFT(department code, 1)='V' and date of occurrence >='2022/04/01' THEN '20220401' || department code ELSE '' END END END as new division KEY ResidentACT_LOAD_TEMP",-,,
table_110,New division KEY,intermediate,derived,New division KEY,New division KEY,-,,
table_110,New division,intermediate,derived,New division,New division,-,,
SHIPPING,shipment_ID,intermediate,direct,shipment_ID,shipment_ID,-,,
SHIPPING,Shipping_Product name,intermediate,derived,Shipping_Product name,Shipping_Product name,-,,
SHIPPING,_ Shipping_Serial number,intermediate,derived,_ Shipping_Serial number,_ Shipping_Serial number,-,,
SHIPPING,_ Shipping_product code,intermediate,derived,_ Shipping_product code,_ Shipping_product code,-,,
SHIPPING,_ Shipping_set name,intermediate,derived,_ Shipping_set name,_ Shipping_set name,-,,
SHIPPING,_ Shipping_Order number,intermediate,derived,_ Shipping_Order number,_ Shipping_Order number,-,,
SHIPPING,_ Shipping_Shipping date,intermediate,derived,_ Shipping_Shipping date,_ Shipping_Shipping date,-,,
SHIPPING,_ Shipping_Quantity,intermediate,derived,_ Shipping_Quantity,_ Shipping_Quantity,-,,
SHIPPING,_ _ Shipping_Warehouse,intermediate,derived,_ _ Shipping_Warehouse,_ _ Shipping_Warehouse,-,,
SHIPPING,_ _ Shipping_item number,intermediate,derived,_ _ Shipping_item number,_ _ Shipping_item number,-,,
SHIPPING,_ Shipping_Year,intermediate,derived,_ Shipping_Year,_ Shipping_Year,-,,
SHIPPING,Shipping_KEY,intermediate,derived,_ _ Shipping_Case number & Shipping_Product code & Shipping_Product name & Shipping_Set name,_ _ Shipping_Case number || Shipping_Product code || Shipping_Product name || Shipping_Set name,-,,
SHIPPING,"_ _ _ _ if(isnum(mid( shipping_product code , 4,1)),' domestic ', ' export ' ) asshipping_export classification ResidentSHIPPING1 WhereIsNull( Shipping_item Number )=False( )",intermediate,derived,"_ _ _ _ if(isnum(mid( shipping_product code , 4,1)),' domestic ', ' export ' ) asshipping_export classification ResidentSHIPPING1 WhereIsNull( Shipping_item Number )=False( )","_ _ _ _ CASE WHEN /* TODO review */ isnum(SUBSTR(shipping_product code, 4, 1)) THEN ' domestic ' ELSE ' export ' END asshipping_export classification ResidentSHIPPING1 /* TODO review */ WhereIsNull(Shipping_item Number)=/* TODO review */ False()",-,Yes,Function 'isnum()' not in mapping - emitted verbatim; verify Snowflake compatibility.; Function 'WhereIsNull()' not in mapping - emitted verbatim; verify Snowflake compatibility.; Function 'False()' not in mapping - emitted verbatim; verify Snowflake compatibility.
SHIPPING_TENTA,TENTA_ID,intermediate,direct,Shipping_ID,Shipping_ID,-,,
SHIPPING_TENTA,Shipping_Product name _ as TENTA_product name,intermediate,derived,Shipping_Product name _ as TENTA_product name,Shipping_Product name _ as TENTA_product name,-,,
SHIPPING_TENTA,Shipping_Serial number as TENTA_Serial number,intermediate,derived,Shipping_Serial number as TENTA_Serial number,Shipping_Serial number as TENTA_Serial number,-,,
SHIPPING_TENTA,Shipping_Product Code as TENTA_Product Code,intermediate,derived,Shipping_Product Code as TENTA_Product Code,Shipping_Product Code as TENTA_Product Code,-,,
SHIPPING_TENTA,Shipping_Set name as TENTA_Set name,intermediate,derived,Shipping_Set name as TENTA_Set name,Shipping_Set name as TENTA_Set name,-,,
SHIPPING_TENTA,Shipping_Order Number as TENTA_Order Number,intermediate,derived,Shipping_Order Number as TENTA_Order Number,Shipping_Order Number as TENTA_Order Number,-,,
SHIPPING_TENTA,Shipping_Shipping date as TENTA_Shipping date,intermediate,derived,Shipping_Shipping date as TENTA_Shipping date,Shipping_Shipping date as TENTA_Shipping date,-,,
SHIPPING_TENTA,TENTA_Quantity,intermediate,direct,Shipping_Quantity,Shipping_Quantity,-,,
SHIPPING_TENTA,TENTA_warehouse,intermediate,derived,_ _ Shipping_warehouse,_ _ Shipping_warehouse,-,,
SHIPPING_TENTA,"_ _ if(isnum(mid( shipment_product code ,4,1)),' domestic ' ,' export ') as TENTA_export classification ResidentSHIPPING1 WhereIsNull ( Shipping_Project Number )",intermediate,derived,"_ _ if(isnum(mid( shipment_product code ,4,1)),' domestic ' ,' export ') as TENTA_export classification ResidentSHIPPING1 WhereIsNull ( Shipping_Project Number )","_ _ CASE WHEN /* TODO review */ isnum(SUBSTR(shipment_product code, 4, 1)) THEN ' domestic ' ELSE ' export ' END as TENTA_export classification ResidentSHIPPING1 /* TODO review */ WhereIsNull(Shipping_Project Number)",-,Yes,Function 'isnum()' not in mapping - emitted verbatim; verify Snowflake compatibility.; Function 'WhereIsNull()' not in mapping - emitted verbatim; verify Snowflake compatibility.
table_113,CN as Operator ID,staging,derived,CN as Operator ID,CN as Operator ID,"sales_performance_parameters.CN, sales_performance_parameters.Operator, sales_performance_parameters.ID",,
ACT_LOAD,*,intermediate,constant,*,*,-,,
ACT_LOAD,"if(C_NO='01', Number of bodies ,0) as Number of units job included",intermediate,derived,"if(C_NO='01', Number of bodies ,0) as Number of units job included",CASE WHEN C_NO='01' THEN Number of bodies ELSE 0 END as Number of units job included,-,,
ACT_LOAD,"if(C_NO='01', Sales count ,0) as Sales count job included",intermediate,derived,"if(C_NO='01', Sales count ,0) as Sales count job included",CASE WHEN C_NO='01' THEN Sales count ELSE 0 END as Sales count job included,-,,
ACT_LOAD,Week( occurrence date ) as week number,intermediate,derived,Week( occurrence date ) as week number,WEEK(occurrence date) as week number,-,,
ACT_LOAD,"if(C_NO='01', Year/ Month & Company Code & Order NO) as AR_Gross Profit KEY",intermediate,derived,"if(C_NO='01', Year/ Month & Company Code & Order NO) as AR_Gross Profit KEY",CASE WHEN C_NO='01' THEN Year/ Month || Company Code || Order NO ELSE NULL END as AR_Gross Profit KEY,-,Yes,Function 'if()' missing argument #3 - defaulted to NULL.
ACT_LOAD,"date(date#( occurrence date ,'YYYY/MM/DD'),'YYYY/MM/DD') asoccurrence date D ResidentACT_LOAD_TEMP Where(C_NO='01' or usage ='8')",intermediate,derived,"date(date#( occurrence date ,'YYYY/MM/DD'),'YYYY/MM/DD') asoccurrence date D ResidentACT_LOAD_TEMP Where(C_NO='01' or usage ='8')","TO_DATE(TO_DATE(occurrence date, 'YYYY/MM/DD'), 'YYYY/MM/DD') asoccurrence date D ResidentACT_LOAD_TEMP /* TODO review */ Where(C_NO='01' or usage ='8')",-,Yes,Function 'Where()' not in mapping - emitted verbatim; verify Snowflake compatibility.
AR_RANGE_LOWER_TBL,*,staging,constant,*,*,-,,
AR_RANGE_UPPER_TBL,*,staging,constant,*,*,-,,
